,0,1,2,3
0,0,37.570508000000004,-121.98125,"[37.573277250000004, -121.863911125]"
0,0,37.501368,-121.956753,"[37.573277250000004, -121.863911125]"
0,0,37.516909000000005,-121.911767,"[37.573277250000004, -121.863911125]"
0,0,37.519983,-121.57559499999999,"[37.573277250000004, -121.863911125]"
0,0,37.750465999999996,-121.749202,"[37.573277250000004, -121.863911125]"
0,0,37.504514,-122.03291599999999,"[37.573277250000004, -121.863911125]"
0,0,37.648451,-121.84997299999999,"[37.573277250000004, -121.863911125]"
0,0,37.574019,-121.85383300000001,"[37.573277250000004, -121.863911125]"
0,1,33.974883,-117.900676,"[33.920328999999995, -117.81831919999999]"
0,1,33.986270000000005,-117.82128200000001,"[33.920328999999995, -117.81831919999999]"
0,1,34.018195,-117.854821,"[33.920328999999995, -117.81831919999999]"
0,1,33.848733,-117.788357,"[33.920328999999995, -117.81831919999999]"
0,1,33.856473,-117.740177,"[33.920328999999995, -117.81831919999999]"
0,1,33.927561,-117.88708600000001,"[33.920328999999995, -117.81831919999999]"
0,1,33.928179,-117.809285,"[33.920328999999995, -117.81831919999999]"
0,1,33.881158,-117.85478300000001,"[33.920328999999995, -117.81831919999999]"
0,1,33.896324,-117.79656100000001,"[33.920328999999995, -117.81831919999999]"
0,1,33.885514,-117.73016399999999,"[33.920328999999995, -117.81831919999999]"
0,2,33.696115999999996,-117.67596,"[33.64563033333334, -117.63588422222223]"
0,2,33.645736,-117.685503,"[33.64563033333334, -117.63588422222223]"
0,2,33.591304,-117.69751200000002,"[33.64563033333334, -117.63588422222223]"
0,2,33.75249,-117.61241499999998,"[33.64563033333334, -117.63588422222223]"
0,2,33.680226,-117.52614399999999,"[33.64563033333334, -117.63588422222223]"
0,2,33.606687,-117.604358,"[33.64563033333334, -117.63588422222223]"
0,2,33.619671999999994,-117.61208700000002,"[33.64563033333334, -117.63588422222223]"
0,2,33.611945,-117.66586699999999,"[33.64563033333334, -117.63588422222223]"
0,2,33.606497,-117.64311200000002,"[33.64563033333334, -117.63588422222223]"
0,3,35.23575,-120.615973,"[35.19239130434782, -120.58726034782609]"
0,3,35.295232,-120.83546799999999,"[35.19239130434782, -120.58726034782609]"
0,3,35.296958000000004,-120.733134,"[35.19239130434782, -120.58726034782609]"
0,3,35.301198,-120.66093899999998,"[35.19239130434782, -120.58726034782609]"
0,3,35.176010999999995,-120.476757,"[35.19239130434782, -120.58726034782609]"
0,3,35.463544,-120.69291100000001,"[35.19239130434782, -120.58726034782609]"
0,3,35.185911,-120.731793,"[35.19239130434782, -120.58726034782609]"
0,3,34.867662,-120.539904,"[35.19239130434782, -120.58726034782609]"
0,3,35.484968,-120.944419,"[35.19239130434782, -120.58726034782609]"
0,3,35.480206,-120.48131299999999,"[35.19239130434782, -120.58726034782609]"
0,3,35.120888,-120.61966399999999,"[35.19239130434782, -120.58726034782609]"
0,3,34.919894,-120.604969,"[35.19239130434782, -120.58726034782609]"
0,3,34.737964,-120.54373899999999,"[35.19239130434782, -120.58726034782609]"
0,3,35.401931,-120.79936599999999,"[35.19239130434782, -120.58726034782609]"
0,3,35.037198,-120.504593,"[35.19239130434782, -120.58726034782609]"
0,3,35.044396,-120.620199,"[35.19239130434782, -120.58726034782609]"
0,3,35.165504999999996,-120.655942,"[35.19239130434782, -120.58726034782609]"
0,3,35.303925,-120.25656599999999,"[35.19239130434782, -120.58726034782609]"
0,3,34.923013,-120.25946299999998,"[35.19239130434782, -120.58726034782609]"
0,3,34.831792,-120.43350900000002,"[35.19239130434782, -120.58726034782609]"
0,3,34.959340000000005,-120.490081,"[35.19239130434782, -120.58726034782609]"
0,3,35.652910999999996,-120.266428,"[35.19239130434782, -120.58726034782609]"
0,3,35.538803,-120.73985800000001,"[35.19239130434782, -120.58726034782609]"
0,4,34.039034,-118.70799199999999,"[34.19047316666667, -118.84815041666667]"
0,4,34.066117,-118.84634199999999,"[34.19047316666667, -118.84815041666667]"
0,4,34.123286,-118.758541,"[34.19047316666667, -118.84815041666667]"
0,4,34.175961,-118.945108,"[34.19047316666667, -118.84815041666667]"
0,4,34.212716,-118.882102,"[34.19047316666667, -118.84815041666667]"
0,4,34.136077,-118.888919,"[34.19047316666667, -118.84815041666667]"
0,4,34.193326,-118.81868100000001,"[34.19047316666667, -118.84815041666667]"
0,4,34.184974,-118.766912,"[34.19047316666667, -118.84815041666667]"
0,4,34.196026,-118.992531,"[34.19047316666667, -118.84815041666667]"
0,4,34.404104,-118.89777600000001,"[34.19047316666667, -118.84815041666667]"
0,4,34.295652000000004,-118.897875,"[34.19047316666667, -118.84815041666667]"
0,4,34.258404999999996,-118.775026,"[34.19047316666667, -118.84815041666667]"
0,5,37.688826,-122.40893500000001,"[37.6254758, -122.4466388]"
0,5,37.690884000000004,-122.447441,"[37.6254758, -122.4466388]"
0,5,37.681264,-122.480589,"[37.6254758, -122.4466388]"
0,5,37.59897,-122.401991,"[37.6254758, -122.4466388]"
0,5,37.554297999999996,-122.496632,"[37.6254758, -122.4466388]"
0,5,37.526902,-122.51216399999998,"[37.6254758, -122.4466388]"
0,5,37.606627,-122.47721100000001,"[37.6254758, -122.4466388]"
0,5,37.625085999999996,-122.43359299999999,"[37.6254758, -122.4466388]"
0,5,37.65549,-122.422075,"[37.6254758, -122.4466388]"
0,5,37.626411,-122.38575700000001,"[37.6254758, -122.4466388]"
0,6,33.974027,-118.249509,"[34.03620708333333, -118.230750625]"
0,6,34.028127000000005,-118.28483,"[34.03620708333333, -118.230750625]"
0,6,34.007090000000005,-118.25868100000001,"[34.03620708333333, -118.230750625]"
0,6,34.065975,-118.238642,"[34.03620708333333, -118.230750625]"
0,6,34.045405,-118.240454,"[34.03620708333333, -118.230750625]"
0,6,34.043146,-118.251746,"[34.03620708333333, -118.230750625]"
0,6,34.039378,-118.2663,"[34.03620708333333, -118.230750625]"
0,6,34.052913000000004,-118.26433999999999,"[34.03620708333333, -118.230750625]"
0,6,34.029036,-118.23787,"[34.03620708333333, -118.230750625]"
0,6,34.023728000000006,-118.156275,"[34.03620708333333, -118.230750625]"
0,6,34.022502,-118.19961299999999,"[34.03620708333333, -118.230750625]"
0,6,34.080017,-118.262643,"[34.03620708333333, -118.230750625]"
0,6,34.085784000000004,-118.206666,"[34.03620708333333, -118.230750625]"
0,6,34.078195,-118.185502,"[34.03620708333333, -118.230750625]"
0,6,34.05038,-118.211991,"[34.03620708333333, -118.230750625]"
0,6,34.061735,-118.276757,"[34.03620708333333, -118.230750625]"
0,6,34.002844,-118.2164,"[34.03620708333333, -118.230750625]"
0,6,34.045105,-118.185914,"[34.03620708333333, -118.230750625]"
0,6,34.052876,-118.254943,"[34.03620708333333, -118.230750625]"
0,6,34.040587,-118.255404,"[34.03620708333333, -118.230750625]"
0,6,34.020221,-118.28603500000001,"[34.03620708333333, -118.230750625]"
0,6,33.979248,-118.21743799999999,"[34.03620708333333, -118.230750625]"
0,6,33.987728999999995,-118.18659699999999,"[34.03620708333333, -118.230750625]"
0,6,34.052921999999995,-118.14346499999999,"[34.03620708333333, -118.230750625]"
0,7,34.689848,-118.533689,"[34.688669, -118.32373475]"
0,7,34.713333,-118.15278799999999,"[34.688669, -118.32373475]"
0,7,34.74739,-118.369249,"[34.688669, -118.32373475]"
0,7,34.604105,-118.23921299999999,"[34.688669, -118.32373475]"
0,8,34.114708,-118.192098,"[34.124007, -118.11238475]"
0,8,34.194489000000004,-118.138263,"[34.124007, -118.11238475]"
0,8,34.136258000000005,-118.02670400000001,"[34.124007, -118.11238475]"
0,8,34.128284,-118.04773200000001,"[34.124007, -118.11238475]"
0,8,34.168771,-118.05021599999999,"[34.124007, -118.11238475]"
0,8,34.108957000000004,-118.15661499999999,"[34.124007, -118.11238475]"
0,8,34.146665000000006,-118.139459,"[34.124007, -118.11238475]"
0,8,34.169538,-118.16494099999998,"[34.124007, -118.11238475]"
0,8,34.165356,-118.123751,"[34.124007, -118.11238475]"
0,8,34.13946,-118.16664899999999,"[34.124007, -118.11238475]"
0,8,34.139402000000004,-118.128658,"[34.124007, -118.11238475]"
0,8,34.155533,-118.086178,"[34.124007, -118.11238475]"
0,8,34.122671000000004,-118.11291100000001,"[34.124007, -118.11238475]"
0,8,34.050965000000005,-118.11439399999999,"[34.124007, -118.11238475]"
0,8,34.065493,-118.084529,"[34.124007, -118.11238475]"
0,8,34.115272999999995,-118.08826599999999,"[34.124007, -118.11238475]"
0,8,34.090776,-118.095091,"[34.124007, -118.11238475]"
0,8,34.102077,-118.057754,"[34.124007, -118.11238475]"
0,8,34.090728000000006,-118.127527,"[34.124007, -118.11238475]"
0,8,34.074736,-118.145959,"[34.124007, -118.11238475]"
0,9,32.665762,-117.018657,"[32.68547378947368, -116.96623768421054]"
0,9,32.637868,-117.058031,"[32.68547378947368, -116.96623768421054]"
0,9,32.608185,-117.05451200000002,"[32.68547378947368, -116.96623768421054]"
0,9,32.619459,-116.98581999999999,"[32.68547378947368, -116.96623768421054]"
0,9,32.674004,-116.943932,"[32.68547378947368, -116.96623768421054]"
0,9,32.623185,-116.949053,"[32.68547378947368, -116.96623768421054]"
0,9,32.608865,-116.71966,"[32.68547378947368, -116.96623768421054]"
0,9,32.721919,-116.78820400000001,"[32.68547378947368, -116.96623768421054]"
0,9,32.759333000000005,-116.997247,"[32.68547378947368, -116.96623768421054]"
0,9,32.733168,-117.034176,"[32.68547378947368, -116.96623768421054]"
0,9,32.726237,-116.99431799999999,"[32.68547378947368, -116.96623768421054]"
0,9,32.724154,-116.94009299999999,"[32.68547378947368, -116.96623768421054]"
0,9,32.77987,-116.884422,"[32.68547378947368, -116.96623768421054]"
0,9,32.795508,-116.969746,"[32.68547378947368, -116.96623768421054]"
0,9,32.838798,-116.869956,"[32.68547378947368, -116.96623768421054]"
0,9,32.707755999999996,-117.055095,"[32.68547378947368, -116.96623768421054]"
0,9,32.679888,-117.04888999999999,"[32.68547378947368, -116.96623768421054]"
0,9,32.567021999999994,-117.00425,"[32.68547378947368, -116.96623768421054]"
0,9,32.553021,-117.042454,"[32.68547378947368, -116.96623768421054]"
0,10,40.959215,-124.05129199999999,"[40.9980922, -123.8808612]"
0,10,40.855694,-124.066898,"[40.9980922, -123.8808612]"
0,10,40.825486,-124.049485,"[40.9980922, -123.8808612]"
0,10,40.92143,-123.815266,"[40.9980922, -123.8808612]"
0,10,41.093371000000005,-123.673442,"[40.9980922, -123.8808612]"
0,10,40.781218,-123.826383,"[40.9980922, -123.8808612]"
0,10,41.241807,-123.913425,"[40.9980922, -123.8808612]"
0,10,41.307717,-123.587415,"[40.9980922, -123.8808612]"
0,10,41.080058,-124.156283,"[40.9980922, -123.8808612]"
0,10,40.914926,-123.668723,"[40.9980922, -123.8808612]"
0,11,33.387736,-117.44476499999999,"[33.472970625, -117.620420125]"
0,11,33.451469,-117.659056,"[33.472970625, -117.620420125]"
0,11,33.475120000000004,-117.705675,"[33.472970625, -117.620420125]"
0,11,33.42411,-117.606775,"[33.472970625, -117.620420125]"
0,11,33.467371,-117.61350900000001,"[33.472970625, -117.620420125]"
0,11,33.50186,-117.608646,"[33.472970625, -117.620420125]"
0,11,33.528868,-117.701175,"[33.472970625, -117.620420125]"
0,11,33.547231,-117.62376,"[33.472970625, -117.620420125]"
0,12,35.848621,-120.938911,"[35.960357916666666, -121.04632416666668]"
0,12,35.585,-121.041474,"[35.960357916666666, -121.04632416666668]"
0,12,35.663145,-120.7497,"[35.960357916666666, -121.04632416666668]"
0,12,36.085423,-120.818522,"[35.960357916666666, -121.04632416666668]"
0,12,35.886767,-120.60866100000001,"[35.960357916666666, -121.04632416666668]"
0,12,35.746485,-121.223348,"[35.960357916666666, -121.04632416666668]"
0,12,36.092975,-121.549826,"[35.960357916666666, -121.04632416666668]"
0,12,36.248796999999996,-121.38663100000001,"[35.960357916666666, -121.04632416666668]"
0,12,36.038868,-121.244009,"[35.960357916666666, -121.04632416666668]"
0,12,36.205059999999996,-121.01036299999998,"[35.960357916666666, -121.04632416666668]"
0,12,35.989792,-121.05593300000001,"[35.960357916666666, -121.04632416666668]"
0,12,36.133362,-120.92851200000001,"[35.960357916666666, -121.04632416666668]"
0,13,34.261962,-118.336078,"[34.197748857142855, -118.42035128571429]"
0,13,34.255441999999995,-118.421314,"[34.197748857142855, -118.42035128571429]"
0,13,34.286687,-118.43508,"[34.197748857142855, -118.42035128571429]"
0,13,34.237912,-118.48230600000001,"[34.197748857142855, -118.42035128571429]"
0,13,34.265879,-118.456748,"[34.197748857142855, -118.42035128571429]"
0,13,34.230854,-118.36585600000001,"[34.197748857142855, -118.42035128571429]"
0,13,34.178483,-118.43179099999999,"[34.197748857142855, -118.42035128571429]"
0,13,34.222506,-118.444689,"[34.197748857142855, -118.42035128571429]"
0,13,34.147149,-118.463365,"[34.197748857142855, -118.42035128571429]"
0,13,34.199824,-118.44760900000001,"[34.197748857142855, -118.42035128571429]"
0,13,34.195685,-118.490752,"[34.197748857142855, -118.42035128571429]"
0,13,34.178521999999994,-118.45923400000001,"[34.197748857142855, -118.42035128571429]"
0,13,34.148617,-118.433298,"[34.197748857142855, -118.42035128571429]"
0,13,34.149588,-118.48970800000001,"[34.197748857142855, -118.42035128571429]"
0,13,34.173885,-118.34693700000001,"[34.197748857142855, -118.42035128571429]"
0,13,34.1692,-118.372498,"[34.197748857142855, -118.42035128571429]"
0,13,34.150818,-118.368159,"[34.197748857142855, -118.42035128571429]"
0,13,34.140822,-118.39286399999999,"[34.197748857142855, -118.42035128571429]"
0,13,34.207341,-118.400973,"[34.197748857142855, -118.42035128571429]"
0,13,34.185767,-118.388323,"[34.197748857142855, -118.42035128571429]"
0,13,34.165783000000005,-118.399795,"[34.197748857142855, -118.42035128571429]"
0,14,34.368109999999994,-118.489038,"[34.451932666666664, -118.5778051111111]"
0,14,34.440891,-118.501747,"[34.451932666666664, -118.5778051111111]"
0,14,34.441595,-118.44811200000001,"[34.451932666666664, -118.5778051111111]"
0,14,34.465755,-118.553789,"[34.451932666666664, -118.5778051111111]"
0,14,34.440248,-118.643992,"[34.451932666666664, -118.5778051111111]"
0,14,34.384696999999996,-118.647244,"[34.451932666666664, -118.5778051111111]"
0,14,34.506627,-118.699048,"[34.451932666666664, -118.5778051111111]"
0,14,34.545587,-118.42009499999999,"[34.451932666666664, -118.5778051111111]"
0,14,34.473884000000005,-118.79718100000001,"[34.451932666666664, -118.5778051111111]"
0,15,32.573755,-117.12087199999999,"[32.72217981818182, -117.16210209090909]"
0,15,32.670646000000005,-117.094668,"[32.72217981818182, -117.16210209090909]"
0,15,32.724103,-117.17091200000002,"[32.72217981818182, -117.16210209090909]"
0,15,32.716221999999995,-117.11705,"[32.72217981818182, -117.16210209090909]"
0,15,32.747415000000004,-117.16688300000001,"[32.72217981818182, -117.16210209090909]"
0,15,32.741501,-117.127948,"[32.72217981818182, -117.16210209090909]"
0,15,32.737832,-117.092671,"[32.72217981818182, -117.16210209090909]"
0,15,32.710817999999996,-117.23761299999998,"[32.72217981818182, -117.16210209090909]"
0,15,32.739055,-117.24540400000001,"[32.72217981818182, -117.16210209090909]"
0,15,32.773983,-117.142706,"[32.72217981818182, -117.16210209090909]"
0,15,32.786772,-117.23420700000001,"[32.72217981818182, -117.16210209090909]"
0,15,32.765244,-117.200391,"[32.72217981818182, -117.16210209090909]"
0,15,32.696715999999995,-117.11788100000001,"[32.72217981818182, -117.16210209090909]"
0,15,32.764998,-117.073641,"[32.72217981818182, -117.16210209090909]"
0,15,32.764971,-117.12314599999999,"[32.72217981818182, -117.16210209090909]"
0,15,32.699234000000004,-117.20964199999999,"[32.72217981818182, -117.16210209090909]"
0,15,32.713608,-117.17208899999999,"[32.72217981818182, -117.16210209090909]"
0,15,32.72418,-117.146658,"[32.72217981818182, -117.16210209090909]"
0,15,32.697542999999996,-117.192775,"[32.72217981818182, -117.16210209090909]"
0,15,32.739496,-117.197401,"[32.72217981818182, -117.16210209090909]"
0,15,32.72488,-117.21996200000001,"[32.72217981818182, -117.16210209090909]"
0,15,32.674984,-117.161726,"[32.72217981818182, -117.16210209090909]"
0,16,32.777999,-117.021511,"[32.850415866666665, -117.097245]"
0,16,32.856347,-117.25005800000001,"[32.850415866666665, -117.097245]"
0,16,32.908915,-116.891975,"[32.850415866666665, -117.097245]"
0,16,32.852358,-116.98784199999999,"[32.850415866666665, -117.097245]"
0,16,32.806476,-117.168879,"[32.850415866666665, -117.097245]"
0,16,32.824571999999996,-117.199518,"[32.850415866666665, -117.097245]"
0,16,32.817888,-117.03195600000001,"[32.850415866666665, -117.097245]"
0,16,32.794714,-117.07176399999999,"[32.850415866666665, -117.097245]"
0,16,32.899592,-117.201203,"[32.850415866666665, -117.097245]"
0,16,32.861727,-117.171224,"[32.850415866666665, -117.097245]"
0,16,32.806794000000004,-117.13493000000001,"[32.850415866666665, -117.097245]"
0,16,32.823766,-117.092378,"[32.850415866666665, -117.097245]"
0,16,32.908466,-117.141393,"[32.850415866666665, -117.097245]"
0,16,32.886070000000004,-117.085981,"[32.850415866666665, -117.097245]"
0,16,32.930554,-117.00806299999999,"[32.850415866666665, -117.097245]"
0,17,34.065737,-118.43501599999999,"[34.0441150952381, -118.45208433333333]"
0,17,34.045421000000005,-118.44587299999999,"[34.0441150952381, -118.45208433333333]"
0,17,34.030578000000006,-118.39961299999999,"[34.0441150952381, -118.45208433333333]"
0,17,34.09254,-118.491064,"[34.0441150952381, -118.45208433333333]"
0,17,34.037251,-118.423573,"[34.0441150952381, -118.45208433333333]"
0,17,34.002028,-118.430656,"[34.0441150952381, -118.45208433333333]"
0,17,34.057596999999994,-118.41399799999999,"[34.0441150952381, -118.45208433333333]"
0,17,34.054534000000004,-118.457025,"[34.0441150952381, -118.45208433333333]"
0,17,34.108022999999996,-118.45696399999999,"[34.0441150952381, -118.45208433333333]"
0,17,34.071225,-118.443373,"[34.0441150952381, -118.45208433333333]"
0,17,34.100516999999996,-118.41463,"[34.0441150952381, -118.45208433333333]"
0,17,34.06221,-118.40196599999999,"[34.0441150952381, -118.45208433333333]"
0,17,34.019323,-118.391902,"[34.0441150952381, -118.45208433333333]"
0,17,34.092566999999995,-118.53436299999998,"[34.0441150952381, -118.45208433333333]"
0,17,33.993396000000004,-118.465193,"[34.0441150952381, -118.45208433333333]"
0,17,33.976463,-118.45526699999999,"[34.0441150952381, -118.45208433333333]"
0,17,34.013666,-118.49375,"[34.0441150952381, -118.45208433333333]"
0,17,34.034665999999994,-118.50403899999999,"[34.0441150952381, -118.45208433333333]"
0,17,34.030755,-118.492101,"[34.0441150952381, -118.45208433333333]"
0,17,34.026608,-118.473643,"[34.0441150952381, -118.45208433333333]"
0,17,34.011312,-118.46976200000002,"[34.0441150952381, -118.45208433333333]"
0,18,33.02325,-117.274923,"[33.03648605882353, -117.17325835294118]"
0,18,33.09547,-117.24388200000001,"[33.03648605882353, -117.17325835294118]"
0,18,33.107582,-117.29218200000001,"[33.03648605882353, -117.17325835294118]"
0,18,32.963198999999996,-117.250309,"[33.03648605882353, -117.17325835294118]"
0,18,33.056022,-117.2599,"[33.03648605882353, -117.17325835294118]"
0,18,33.102005,-117.08041899999999,"[33.03648605882353, -117.17325835294118]"
0,18,33.131156,-116.976997,"[33.03648605882353, -117.17325835294118]"
0,18,33.0824,-117.127641,"[33.03648605882353, -117.17325835294118]"
0,18,32.983606,-117.019035,"[33.03648605882353, -117.17325835294118]"
0,18,33.020908,-117.19034599999999,"[33.03648605882353, -117.17325835294118]"
0,18,32.997248,-117.26058,"[33.03648605882353, -117.17325835294118]"
0,18,33.117154,-117.180627,"[33.03648605882353, -117.17325835294118]"
0,18,33.015927000000005,-117.243517,"[33.03648605882353, -117.17325835294118]"
0,18,33.011807,-117.132702,"[33.03648605882353, -117.17325835294118]"
0,18,32.999818,-117.071808,"[33.03648605882353, -117.17325835294118]"
0,18,32.96692,-117.126158,"[33.03648605882353, -117.17325835294118]"
0,18,32.945791,-117.214366,"[33.03648605882353, -117.17325835294118]"
0,19,39.68979,-123.610022,"[39.693754375, -123.51093925]"
0,19,39.824803,-123.17960900000001,"[39.693754375, -123.51093925]"
0,19,39.720929999999996,-123.30026200000002,"[39.693754375, -123.51093925]"
0,19,39.487185,-123.74196299999998,"[39.693754375, -123.51093925]"
0,19,39.806096000000004,-123.516147,"[39.693754375, -123.51093925]"
0,19,39.683707,-123.74160900000001,"[39.693754375, -123.51093925]"
0,19,39.492841999999996,-123.34097299999999,"[39.693754375, -123.51093925]"
0,19,39.844682,-123.656929,"[39.693754375, -123.51093925]"
0,20,37.807215,-122.301497,"[37.8600736, -122.27234626666667]"
0,20,37.836844,-122.289143,"[37.8600736, -122.27234626666667]"
0,20,37.834398,-122.26436899999999,"[37.8600736, -122.27234626666667]"
0,20,37.808765,-122.26915600000001,"[37.8600736, -122.27234626666667]"
0,20,37.844671999999996,-122.238105,"[37.8600736, -122.27234626666667]"
0,20,37.865777,-122.286321,"[37.8600736, -122.27234626666667]"
0,20,37.863911,-122.27564299999999,"[37.8600736, -122.27234626666667]"
0,20,37.866528,-122.258039,"[37.8600736, -122.27234626666667]"
0,20,37.865177,-122.23821699999999,"[37.8600736, -122.27234626666667]"
0,20,37.889703999999995,-122.29553100000001,"[37.8600736, -122.27234626666667]"
0,20,37.898189,-122.27913000000001,"[37.8600736, -122.27234626666667]"
0,20,37.902944,-122.26179499999999,"[37.8600736, -122.27234626666667]"
0,20,37.879234000000004,-122.26683899999999,"[37.8600736, -122.27234626666667]"
0,20,37.863914,-122.30646499999999,"[37.8600736, -122.27234626666667]"
0,20,37.873832,-122.254944,"[37.8600736, -122.27234626666667]"
0,21,32.808563,-116.710076,"[32.7341655, -116.4906768]"
0,21,32.67807,-116.306851,"[32.7341655, -116.4906768]"
0,21,32.654814,-116.465544,"[32.7341655, -116.4906768]"
0,21,32.887986,-116.621358,"[32.7341655, -116.4906768]"
0,21,32.846363000000004,-116.55772900000001,"[32.7341655, -116.4906768]"
0,21,32.648992,-116.152565,"[32.7341655, -116.4906768]"
0,21,32.866646,-116.448325,"[32.7341655, -116.4906768]"
0,21,32.735124,-116.41512900000001,"[32.7341655, -116.4906768]"
0,21,32.626231,-116.61001999999999,"[32.7341655, -116.4906768]"
0,21,32.588865999999996,-116.619171,"[32.7341655, -116.4906768]"
0,22,34.283668,-119.223196,"[34.26786353846153, -119.16997492307692]"
0,22,34.278679,-119.16561499999999,"[34.26786353846153, -119.16997492307692]"
0,22,34.227892,-119.079552,"[34.26786353846153, -119.16997492307692]"
0,22,34.407779999999995,-119.306554,"[34.26786353846153, -119.16997492307692]"
0,22,34.530198999999996,-119.31013300000001,"[34.26786353846153, -119.16997492307692]"
0,22,34.205247,-119.17409199999999,"[34.26786353846153, -119.16997492307692]"
0,22,34.150211999999996,-119.127729,"[34.26786353846153, -119.16997492307692]"
0,22,34.181971000000004,-119.224985,"[34.26786353846153, -119.16997492307692]"
0,22,34.238786,-119.18649199999999,"[34.26786353846153, -119.16997492307692]"
0,22,34.106896,-119.099535,"[34.26786353846153, -119.16997492307692]"
0,22,34.170854,-119.202409,"[34.26786353846153, -119.16997492307692]"
0,22,34.402343,-119.094824,"[34.26786353846153, -119.16997492307692]"
0,22,34.297699,-119.01455800000001,"[34.26786353846153, -119.16997492307692]"
0,23,33.285274,-117.197777,"[33.2351218, -117.1934354]"
0,23,33.147294,-117.322181,"[33.2351218, -117.1934354]"
0,23,33.1585,-117.27716299999999,"[33.2351218, -117.1934354]"
0,23,33.212444,-117.116095,"[33.2351218, -117.1934354]"
0,23,33.390477000000004,-117.209427,"[33.2351218, -117.1934354]"
0,23,33.195534,-117.35453799999999,"[33.2351218, -117.1934354]"
0,23,33.201242,-117.29698400000001,"[33.2351218, -117.1934354]"
0,23,33.254619,-117.283341,"[33.2351218, -117.1934354]"
0,23,33.376467,-117.066121,"[33.2351218, -117.1934354]"
0,23,33.298504,-116.924783,"[33.2351218, -117.1934354]"
0,23,33.170775,-117.158676,"[33.2351218, -117.1934354]"
0,23,33.164374,-117.24027,"[33.2351218, -117.1934354]"
0,23,33.253547999999995,-117.00336599999999,"[33.2351218, -117.1934354]"
0,23,33.19784,-117.248203,"[33.2351218, -117.1934354]"
0,23,33.219935,-117.202606,"[33.2351218, -117.1934354]"
0,24,33.142077,-116.10604599999999,"[33.179148714285716, -116.60317571428571]"
0,24,33.022474,-116.49368799999999,"[33.179148714285716, -116.60317571428571]"
0,24,33.346808,-116.85321499999999,"[33.179148714285716, -116.60317571428571]"
0,24,33.053005999999996,-116.850651,"[33.179148714285716, -116.60317571428571]"
0,24,33.219365,-116.535247,"[33.179148714285716, -116.60317571428571]"
0,24,33.147090000000006,-116.717453,"[33.179148714285716, -116.60317571428571]"
0,24,33.323221000000004,-116.66593,"[33.179148714285716, -116.60317571428571]"
0,25,37.457524,-122.176542,"[37.442666833333334, -122.21981999999998]"
0,25,37.453514,-122.204756,"[37.442666833333334, -122.21981999999998]"
0,25,37.376828,-122.209796,"[37.442666833333334, -122.21981999999998]"
0,25,37.461147,-122.236948,"[37.442666833333334, -122.21981999999998]"
0,25,37.413691,-122.29534299999999,"[37.442666833333334, -122.21981999999998]"
0,25,37.493297,-122.195535,"[37.442666833333334, -122.21981999999998]"
0,26,34.322618,-118.23756999999999,"[34.382233, -118.26689280000001]"
0,26,34.326584000000004,-118.38226100000001,"[34.382233, -118.26689280000001]"
0,26,34.402509,-118.363427,"[34.382233, -118.26689280000001]"
0,26,34.450905999999996,-118.22761399999999,"[34.382233, -118.26689280000001]"
0,26,34.408547999999996,-118.12359199999999,"[34.382233, -118.26689280000001]"
0,27,33.780065,-118.372454,"[33.7337573, -118.32016329999999]"
0,27,33.753153000000005,-118.36796399999999,"[33.7337573, -118.32016329999999]"
0,27,33.807882,-118.34795700000001,"[33.7337573, -118.32016329999999]"
0,27,33.399248,-118.435601,"[33.7337573, -118.32016329999999]"
0,27,33.799904,-118.29866100000001,"[33.7337573, -118.32016329999999]"
0,27,33.793809,-118.31716999999999,"[33.7337573, -118.32016329999999]"
0,27,33.736346000000005,-118.279183,"[33.7337573, -118.32016329999999]"
0,27,33.74212,-118.312878,"[33.7337573, -118.32016329999999]"
0,27,33.779284000000004,-118.261723,"[33.7337573, -118.32016329999999]"
0,27,33.745762,-118.20804199999999,"[33.7337573, -118.32016329999999]"
0,28,33.255655,-119.503588,"[33.255655, -119.503588]"
0,29,41.819578,-124.06566699999999,"[41.808569250000005, -124.01788074999999]"
0,29,41.870812,-123.86277,"[41.808569250000005, -124.01788074999999]"
0,29,41.593204,-124.045992,"[41.808569250000005, -124.01788074999999]"
0,29,41.950683000000005,-124.097094,"[41.808569250000005, -124.01788074999999]"
0,30,39.199469,-123.702253,"[39.127009529411765, -123.49190958823529]"
0,30,39.015251,-123.370756,"[39.127009529411765, -123.49190958823529]"
0,30,39.366146,-123.80498500000002,"[39.127009529411765, -123.49190958823529]"
0,30,39.244183,-123.56353100000001,"[39.127009529411765, -123.49190958823529]"
0,30,39.108252,-123.645121,"[39.127009529411765, -123.49190958823529]"
0,30,38.83252,-123.472532,"[39.127009529411765, -123.49190958823529]"
0,30,38.936137,-123.119445,"[39.127009529411765, -123.49190958823529]"
0,30,39.258198,-123.76156,"[39.127009529411765, -123.49190958823529]"
0,30,38.97664,-123.604802,"[39.127009529411765, -123.49190958823529]"
0,30,39.305245,-123.748616,"[39.127009529411765, -123.49190958823529]"
0,30,39.186791,-123.55838200000001,"[39.127009529411765, -123.49190958823529]"
0,30,39.081821999999995,-123.50487199999999,"[39.127009529411765, -123.49190958823529]"
0,30,38.918887,-123.60568400000001,"[39.127009529411765, -123.49190958823529]"
0,30,39.390917,-123.05284099999999,"[39.127009529411765, -123.49190958823529]"
0,30,39.314029999999995,-123.249924,"[39.127009529411765, -123.49190958823529]"
0,30,39.135023,-123.25933799999999,"[39.127009529411765, -123.49190958823529]"
0,30,38.889651,-123.33782099999999,"[39.127009529411765, -123.49190958823529]"
0,31,37.514352,-122.298896,"[37.53114988888889, -122.31441522222222]"
0,31,37.57028,-122.365778,"[37.53114988888889, -122.31441522222222]"
0,31,37.469453,-122.411841,"[37.53114988888889, -122.31441522222222]"
0,31,37.5348,-122.24570800000001,"[37.53114988888889, -122.31441522222222]"
0,31,37.496466,-122.27256499999999,"[37.53114988888889, -122.31441522222222]"
0,31,37.576948,-122.316903,"[37.53114988888889, -122.31441522222222]"
0,31,37.523602000000004,-122.34492,"[37.53114988888889, -122.31441522222222]"
0,31,37.538449,-122.305447,"[37.53114988888889, -122.31441522222222]"
0,31,37.555999,-122.267679,"[37.53114988888889, -122.31441522222222]"
0,32,34.713656,-117.86466000000001,"[34.523643, -117.8740897142857]"
0,32,34.481108,-117.98200600000001,"[34.523643, -117.8740897142857]"
0,32,34.495537,-117.75664499999999,"[34.523643, -117.8740897142857]"
0,32,34.570867,-118.023744,"[34.523643, -117.8740897142857]"
0,32,34.407332000000004,-117.911841,"[34.523643, -117.8740897142857]"
0,32,34.402521,-117.766066,"[34.523643, -117.8740897142857]"
0,32,34.59448,-117.813666,"[34.523643, -117.8740897142857]"
0,33,37.673945,-122.08482099999999,"[37.672423230769226, -122.05520653846155]"
0,33,37.659888,-122.037158,"[37.672423230769226, -122.05520653846155]"
0,33,37.633821999999995,-122.057201,"[37.672423230769226, -122.05520653846155]"
0,33,37.605905,-122.126873,"[37.672423230769226, -122.05520653846155]"
0,33,37.717276,-122.08195800000001,"[37.672423230769226, -122.05520653846155]"
0,33,37.722719,-122.021556,"[37.672423230769226, -122.05520653846155]"
0,33,37.548204999999996,-122.098677,"[37.672423230769226, -122.05520653846155]"
0,33,37.715247999999995,-121.914693,"[37.672423230769226, -122.05520653846155]"
0,33,37.706434,-122.125302,"[37.672423230769226, -122.05520653846155]"
0,33,37.686491,-122.157201,"[37.672423230769226, -122.05520653846155]"
0,33,37.675731,-122.133017,"[37.672423230769226, -122.05520653846155]"
0,33,37.603156,-122.018638,"[37.672423230769226, -122.05520653846155]"
0,33,37.792682,-121.86058999999999,"[37.672423230769226, -122.05520653846155]"
0,34,33.949099,-118.24673700000001,"[33.88672288235294, -118.23840341176471]"
0,34,33.926262,-118.24988300000001,"[33.88672288235294, -118.23840341176471]"
0,34,33.921279999999996,-118.27418600000001,"[33.88672288235294, -118.23840341176471]"
0,34,33.88151,-118.234451,"[33.88672288235294, -118.23840341176471]"
0,34,33.885624,-118.205918,"[33.88672288235294, -118.23840341176471]"
0,34,33.912246,-118.236773,"[33.88672288235294, -118.23840341176471]"
0,34,33.890853,-118.29796699999999,"[33.88672288235294, -118.23840341176471]"
0,34,33.878432000000004,-118.284104,"[33.88672288235294, -118.23840341176471]"
0,34,33.923533,-118.200705,"[33.88672288235294, -118.23840341176471]"
0,34,33.944159,-118.192761,"[33.88672288235294, -118.23840341176471]"
0,34,33.833181,-118.29206200000002,"[33.88672288235294, -118.23840341176471]"
0,34,33.898883000000005,-118.166629,"[33.88672288235294, -118.23840341176471]"
0,34,33.822725,-118.264109,"[33.88672288235294, -118.23840341176471]"
0,34,33.859171,-118.25227199999999,"[33.88672288235294, -118.23840341176471]"
0,34,33.8629,-118.251318,"[33.88672288235294, -118.23840341176471]"
0,34,33.864616999999996,-118.180567,"[33.88672288235294, -118.23840341176471]"
0,34,33.819814,-118.222416,"[33.88672288235294, -118.23840341176471]"
0,35,33.942143,-118.41733,"[33.8852885, -118.36889099999999]"
0,35,33.91714,-118.40426699999999,"[33.8852885, -118.36889099999999]"
0,35,33.90139,-118.315697,"[33.8852885, -118.36889099999999]"
0,35,33.914775,-118.348083,"[33.8852885, -118.36889099999999]"
0,35,33.864259000000004,-118.399303,"[33.8852885, -118.36889099999999]"
0,35,33.88856,-118.35181299999999,"[33.8852885, -118.36889099999999]"
0,35,33.889151,-118.40212700000001,"[33.8852885, -118.36889099999999]"
0,35,33.830006,-118.387124,"[33.8852885, -118.36889099999999]"
0,35,33.873215,-118.37036,"[33.8852885, -118.36889099999999]"
0,35,33.947305,-118.43984099999999,"[33.8852885, -118.36889099999999]"
0,35,33.833744,-118.314022,"[33.8852885, -118.36889099999999]"
0,35,33.840398,-118.353715,"[33.8852885, -118.36889099999999]"
0,35,33.867257,-118.330794,"[33.8852885, -118.36889099999999]"
0,35,33.884696000000005,-118.329998,"[33.8852885, -118.36889099999999]"
0,36,37.274612,-122.23241999999999,"[37.23498383333333, -122.25246716666668]"
0,36,37.270838,-122.28073799999999,"[37.23498383333333, -122.25246716666668]"
0,36,37.247137,-122.27349299999999,"[37.23498383333333, -122.25246716666668]"
0,36,37.331714,-122.341466,"[37.23498383333333, -122.25246716666668]"
0,36,37.171267,-122.149524,"[37.23498383333333, -122.25246716666668]"
0,36,37.114335,-122.23716200000001,"[37.23498383333333, -122.25246716666668]"
0,37,34.107752000000005,-118.61621799999999,"[34.212217599999995, -118.59003305000002]"
0,37,34.123305,-118.671025,"[34.212217599999995, -118.59003305000002]"
0,37,34.198291999999995,-118.60091299999999,"[34.212217599999995, -118.59003305000002]"
0,37,34.224191999999995,-118.632384,"[34.212217599999995, -118.59003305000002]"
0,37,34.209532,-118.57756299999998,"[34.212217599999995, -118.59003305000002]"
0,37,34.200834,-118.6649,"[34.212217599999995, -118.59003305000002]"
0,37,34.293343,-118.603123,"[34.212217599999995, -118.59003305000002]"
0,37,34.160236,-118.515472,"[34.212217599999995, -118.59003305000002]"
0,37,34.238208,-118.55028999999999,"[34.212217599999995, -118.59003305000002]"
0,37,34.237519,-118.51771200000002,"[34.212217599999995, -118.59003305000002]"
0,37,34.281486,-118.556005,"[34.212217599999995, -118.59003305000002]"
0,37,34.247613,-118.52608300000001,"[34.212217599999995, -118.59003305000002]"
0,37,34.200175,-118.540958,"[34.212217599999995, -118.59003305000002]"
0,37,34.294615,-118.507001,"[34.212217599999995, -118.59003305000002]"
0,37,34.155097,-118.54755300000001,"[34.212217599999995, -118.59003305000002]"
0,37,34.15404,-118.593153,"[34.212217599999995, -118.59003305000002]"
0,37,34.177310999999996,-118.61570400000001,"[34.212217599999995, -118.59003305000002]"
0,37,34.184518,-118.57643999999999,"[34.212217599999995, -118.59003305000002]"
0,37,34.308729,-118.687223,"[34.212217599999995, -118.59003305000002]"
0,37,34.247555,-118.70094099999999,"[34.212217599999995, -118.59003305000002]"
0,38,40.798659,-124.151583,"[40.59834907692308, -124.12894546153846]"
0,38,40.738322,-124.107619,"[40.59834907692308, -124.12894546153846]"
0,38,40.496978999999996,-123.930821,"[40.59834907692308, -124.12894546153846]"
0,38,40.523099,-124.326421,"[40.59834907692308, -124.12894546153846]"
0,38,40.726752000000005,-124.217378,"[40.59834907692308, -124.12894546153846]"
0,38,40.578828,-124.13686899999999,"[40.59834907692308, -124.12894546153846]"
0,38,40.557483000000005,-124.08121499999999,"[40.59834907692308, -124.12894546153846]"
0,38,40.666676,-123.908382,"[40.59834907692308, -124.12894546153846]"
0,38,40.674987,-124.231146,"[40.59834907692308, -124.12894546153846]"
0,38,40.298264,-124.243071,"[40.59834907692308, -124.12894546153846]"
0,38,40.472423,-124.12183999999999,"[40.59834907692308, -124.12894546153846]"
0,38,40.79088,-124.204748,"[40.59834907692308, -124.12894546153846]"
0,38,40.455186,-124.015198,"[40.59834907692308, -124.12894546153846]"
0,39,33.945555,-117.990719,"[33.86690364705882, -117.964618]"
0,39,33.927690999999996,-118.013828,"[33.86690364705882, -117.964618]"
0,39,33.845223,-118.01529199999999,"[33.86690364705882, -117.964618]"
0,39,33.874224,-117.99336799999999,"[33.86690364705882, -117.964618]"
0,39,33.850615999999995,-118.039565,"[33.86690364705882, -117.964618]"
0,39,33.942708,-117.952483,"[33.86690364705882, -117.964618]"
0,39,33.902045,-118.00896100000001,"[33.86690364705882, -117.964618]"
0,39,33.801187,-117.994904,"[33.86690364705882, -117.964618]"
0,39,33.844983,-117.952151,"[33.86690364705882, -117.964618]"
0,39,33.818246,-117.974985,"[33.86690364705882, -117.964618]"
0,39,33.830457,-117.905941,"[33.86690364705882, -117.964618]"
0,39,33.837959999999995,-117.870494,"[33.86690364705882, -117.964618]"
0,39,33.879768,-117.89634,"[33.86690364705882, -117.964618]"
0,39,33.868649,-117.929055,"[33.86690364705882, -117.964618]"
0,39,33.879325,-117.96175500000001,"[33.86690364705882, -117.964618]"
0,39,33.901886,-117.91663899999999,"[33.86690364705882, -117.964618]"
0,39,33.786839,-117.982026,"[33.86690364705882, -117.964618]"
0,40,34.076198,-118.310722,"[34.07513131578948, -118.33737515789474]"
0,40,34.059163,-118.30689199999999,"[34.07513131578948, -118.33737515789474]"
0,40,34.048041,-118.294177,"[34.07513131578948, -118.33737515789474]"
0,40,34.062148,-118.31588899999998,"[34.07513131578948, -118.33737515789474]"
0,40,34.028331,-118.35433799999998,"[34.07513131578948, -118.33737515789474]"
0,40,34.028887,-118.31718300000001,"[34.07513131578948, -118.33737515789474]"
0,40,34.049841,-118.33846000000001,"[34.07513131578948, -118.33737515789474]"
0,40,34.066379,-118.30986999999999,"[34.07513131578948, -118.33737515789474]"
0,40,34.099911999999996,-118.32691200000001,"[34.07513131578948, -118.33737515789474]"
0,40,34.089847999999996,-118.294661,"[34.07513131578948, -118.33737515789474]"
0,40,34.051819,-118.383582,"[34.07513131578948, -118.33737515789474]"
0,40,34.070409999999995,-118.35041100000001,"[34.07513131578948, -118.33737515789474]"
0,40,34.088475,-118.32552700000001,"[34.07513131578948, -118.33737515789474]"
0,40,34.10781,-118.362247,"[34.07513131578948, -118.33737515789474]"
0,40,34.072926,-118.372712,"[34.07513131578948, -118.33737515789474]"
0,40,34.129771999999996,-118.33098899999999,"[34.07513131578948, -118.33737515789474]"
0,40,34.093831,-118.381697,"[34.07513131578948, -118.33737515789474]"
0,40,34.064958000000004,-118.382979,"[34.07513131578948, -118.33737515789474]"
0,40,34.138746000000005,-118.35088,"[34.07513131578948, -118.33737515789474]"
0,41,40.141835,-123.681929,"[40.22057769230769, -123.81639569230768]"
0,41,40.294713,-123.65347299999999,"[40.22057769230769, -123.81639569230768]"
0,41,40.459047999999996,-123.673177,"[40.22057769230769, -123.81639569230768]"
0,41,40.080405,-123.783948,"[40.22057769230769, -123.81639569230768]"
0,41,40.280398999999996,-124.063671,"[40.22057769230769, -123.81639569230768]"
0,41,40.244192,-123.888874,"[40.22057769230769, -123.81639569230768]"
0,41,40.296384,-123.777138,"[40.22057769230769, -123.81639569230768]"
0,41,40.183681,-123.745044,"[40.22057769230769, -123.81639569230768]"
0,41,40.167716,-123.826093,"[40.22057769230769, -123.81639569230768]"
0,41,40.377299,-123.854169,"[40.22057769230769, -123.81639569230768]"
0,41,40.322772,-123.920622,"[40.22057769230769, -123.81639569230768]"
0,41,39.96327,-123.775737,"[40.22057769230769, -123.81639569230768]"
0,41,40.055796,-123.969269,"[40.22057769230769, -123.81639569230768]"
0,42,33.754048,-117.752273,"[33.75339426923077, -117.89131923076924]"
0,42,33.679590999999995,-117.90853100000001,"[33.75339426923077, -117.89131923076924]"
0,42,33.66205,-117.96845900000001,"[33.75339426923077, -117.89131923076924]"
0,42,33.723228000000006,-118.008692,"[33.75339426923077, -117.89131923076924]"
0,42,33.67901,-118.01460300000001,"[33.75339426923077, -117.89131923076924]"
0,42,33.745129999999996,-117.984873,"[33.75339426923077, -117.89131923076924]"
0,42,33.752469,-117.993932,"[33.75339426923077, -117.89131923076924]"
0,42,33.74822,-117.858473,"[33.75339426923077, -117.89131923076924]"
0,42,33.747155,-117.907326,"[33.75339426923077, -117.89131923076924]"
0,42,33.721131,-117.90511000000001,"[33.75339426923077, -117.89131923076924]"
0,42,33.765609000000005,-117.790075,"[33.75339426923077, -117.89131923076924]"
0,42,33.765301,-117.881976,"[33.75339426923077, -117.89131923076924]"
0,42,33.709934999999994,-117.87043100000001,"[33.75339426923077, -117.89131923076924]"
0,42,33.710582,-117.95112900000001,"[33.75339426923077, -117.89131923076924]"
0,42,33.734008,-117.81916399999999,"[33.75339426923077, -117.89131923076924]"
0,42,33.739719,-117.784697,"[33.75339426923077, -117.89131923076924]"
0,42,33.808265000000006,-117.923654,"[33.75339426923077, -117.89131923076924]"
0,42,33.787165,-117.93188899999998,"[33.75339426923077, -117.89131923076924]"
0,42,33.763961,-117.931366,"[33.75339426923077, -117.89131923076924]"
0,42,33.765461,-117.96946100000001,"[33.75339426923077, -117.89131923076924]"
0,42,33.81763,-117.810046,"[33.75339426923077, -117.89131923076924]"
0,42,33.826392999999996,-117.851307,"[33.75339426923077, -117.89131923076924]"
0,42,33.784615,-117.844774,"[33.75339426923077, -117.89131923076924]"
0,42,33.800979999999996,-117.843772,"[33.75339426923077, -117.89131923076924]"
0,42,33.788145,-117.87655,"[33.75339426923077, -117.89131923076924]"
0,42,33.80845,-117.79173700000001,"[33.75339426923077, -117.89131923076924]"
0,43,34.141586,-117.957627,"[34.071294928571426, -117.96129214285715]"
0,43,34.1528,-118.000482,"[34.071294928571426, -117.96129214285715]"
0,43,34.097409999999996,-117.96826899999999,"[34.071294928571426, -117.96129214285715]"
0,43,34.097345000000004,-117.90673600000001,"[34.071294928571426, -117.96129214285715]"
0,43,34.084747,-117.886844,"[34.071294928571426, -117.96129214285715]"
0,43,34.078573,-118.043456,"[34.071294928571426, -117.96129214285715]"
0,43,34.07342,-118.015345,"[34.071294928571426, -117.96129214285715]"
0,43,34.046243,-118.053748,"[34.071294928571426, -117.96129214285715]"
0,43,34.031415,-117.93647,"[34.071294928571426, -117.96129214285715]"
0,43,33.999005,-117.972146,"[34.071294928571426, -117.96129214285715]"
0,43,34.044416,-117.98536599999998,"[34.071294928571426, -117.96129214285715]"
0,43,34.066964,-117.93700700000001,"[34.071294928571426, -117.96129214285715]"
0,43,34.061624,-117.89223500000001,"[34.071294928571426, -117.96129214285715]"
0,43,34.022581,-117.902359,"[34.071294928571426, -117.96129214285715]"
0,44,34.280333,-117.86614099999998,"[34.137041727272724, -117.79096254545453]"
0,44,34.128066,-117.714773,"[34.137041727272724, -117.79096254545453]"
0,44,34.080444,-117.85473400000001,"[34.137041727272724, -117.79096254545453]"
0,44,34.119367,-117.85505400000001,"[34.137041727272724, -117.79096254545453]"
0,44,34.156529,-117.841605,"[34.137041727272724, -117.79096254545453]"
0,44,34.180009999999996,-117.77393899999998,"[34.137041727272724, -117.79096254545453]"
0,44,34.263636,-117.69946999999999,"[34.137041727272724, -117.79096254545453]"
0,44,34.042286,-117.756106,"[34.137041727272724, -117.79096254545453]"
0,44,34.083086,-117.737997,"[34.137041727272724, -117.79096254545453]"
0,44,34.063516,-117.790379,"[34.137041727272724, -117.79096254545453]"
0,44,34.110186,-117.81038999999998,"[34.137041727272724, -117.79096254545453]"
0,45,34.127607,-118.29638700000001,"[34.16972514285714, -118.26004119047619]"
0,45,34.111885,-118.26103300000001,"[34.16972514285714, -118.26004119047619]"
0,45,34.137412,-118.20760700000001,"[34.16972514285714, -118.26004119047619]"
0,45,34.112272,-118.22549599999999,"[34.16972514285714, -118.26004119047619]"
0,45,34.222119,-118.20530600000001,"[34.16972514285714, -118.26004119047619]"
0,45,34.211344,-118.230655,"[34.16972514285714, -118.26004119047619]"
0,45,34.211452,-118.24103600000001,"[34.16972514285714, -118.26004119047619]"
0,45,34.17051,-118.28946299999998,"[34.16972514285714, -118.26004119047619]"
0,45,34.168366,-118.267771,"[34.16972514285714, -118.26004119047619]"
0,45,34.153338,-118.262974,"[34.16972514285714, -118.26004119047619]"
0,45,34.136194,-118.260934,"[34.16972514285714, -118.26004119047619]"
0,45,34.13658,-118.24583899999999,"[34.16972514285714, -118.26004119047619]"
0,45,34.160359,-118.213769,"[34.16972514285714, -118.26004119047619]"
0,45,34.181293,-118.260278,"[34.16972514285714, -118.26004119047619]"
0,45,34.185665,-118.239497,"[34.16972514285714, -118.26004119047619]"
0,45,34.144557,-118.25650700000001,"[34.16972514285714, -118.26004119047619]"
0,45,34.236302,-118.24918500000001,"[34.16972514285714, -118.26004119047619]"
0,45,34.2044,-118.287527,"[34.16972514285714, -118.26004119047619]"
0,45,34.176817,-118.30932299999999,"[34.16972514285714, -118.26004119047619]"
0,45,34.204568,-118.326365,"[34.16972514285714, -118.26004119047619]"
0,45,34.171188,-118.32391299999999,"[34.16972514285714, -118.26004119047619]"
0,46,36.636344,-121.62397800000001,"[36.62737790476191, -121.69773847619048]"
0,46,36.682351000000004,-121.60590400000001,"[36.62737790476191, -121.69773847619048]"
0,46,36.722714,-121.633649,"[36.62737790476191, -121.69773847619048]"
0,46,36.769389000000004,-121.66753200000001,"[36.62737790476191, -121.69773847619048]"
0,46,36.651745,-121.59944399999999,"[36.62737790476191, -121.69773847619048]"
0,46,36.553175,-121.92396000000001,"[36.62737790476191, -121.69773847619048]"
0,46,36.448671999999995,-121.849502,"[36.62737790476191, -121.69773847619048]"
0,46,36.415603000000004,-121.637651,"[36.62737790476191, -121.69773847619048]"
0,46,36.588003,-121.39891200000001,"[36.62737790476191, -121.69773847619048]"
0,46,36.52587,-121.396735,"[36.62737790476191, -121.69773847619048]"
0,46,36.686845,-121.78688700000001,"[36.62737790476191, -121.69773847619048]"
0,46,36.574690000000004,-121.84085400000001,"[36.62737790476191, -121.69773847619048]"
0,46,36.597004,-121.87413600000001,"[36.62737790476191, -121.69773847619048]"
0,46,36.621181,-121.925179,"[36.62737790476191, -121.69773847619048]"
0,46,36.585219,-121.945282,"[36.62737790476191, -121.69773847619048]"
0,46,36.61441,-121.786901,"[36.62737790476191, -121.69773847619048]"
0,46,36.389618,-121.34314599999999,"[36.62737790476191, -121.69773847619048]"
0,46,36.624716,-121.64648700000001,"[36.62737790476191, -121.69773847619048]"
0,46,36.874755,-121.63073200000001,"[36.62737790476191, -121.69773847619048]"
0,46,36.784482000000004,-121.759054,"[36.62737790476191, -121.69773847619048]"
0,46,36.82815,-121.776583,"[36.62737790476191, -121.69773847619048]"
0,47,37.0067,-121.878207,"[37.0328998, -121.9844278]"
0,47,37.098768,-122.091734,"[37.0328998, -121.9844278]"
0,47,37.104964,-122.106903,"[37.0328998, -121.9844278]"
0,47,36.976175,-121.95316000000001,"[37.0328998, -121.9844278]"
0,47,37.074092,-122.059372,"[37.0328998, -121.9844278]"
0,47,36.935538,-121.783134,"[37.0328998, -121.9844278]"
0,47,37.160846,-121.983966,"[37.0328998, -121.9844278]"
0,47,37.050419,-122.05781599999999,"[37.0328998, -121.9844278]"
0,47,37.036460999999996,-122.12175,"[37.0328998, -121.9844278]"
0,47,36.970525,-121.98748799999998,"[37.0328998, -121.9844278]"
0,47,36.991107,-122.059022,"[37.0328998, -121.9844278]"
0,47,37.031475,-121.98333999999998,"[37.0328998, -121.9844278]"
0,47,37.067917,-122.013995,"[37.0328998, -121.9844278]"
0,47,37.042254,-121.930051,"[37.0328998, -121.9844278]"
0,47,36.946256,-121.756479,"[37.0328998, -121.9844278]"
0,48,33.994523,-118.149952,"[33.958881142857145, -118.09465957142856]"
0,48,33.970343,-118.17136799999999,"[33.958881142857145, -118.09465957142856]"
0,48,33.955729,-118.118346,"[33.958881142857145, -118.09465957142856]"
0,48,33.940445000000004,-118.12902199999999,"[33.958881142857145, -118.09465957142856]"
0,48,33.921793,-118.140588,"[33.958881142857145, -118.09465957142856]"
0,48,34.007844,-118.03036499999999,"[33.958881142857145, -118.09465957142856]"
0,48,33.972782,-118.022066,"[33.958881142857145, -118.09465957142856]"
0,48,33.950295000000004,-118.02435200000001,"[33.958881142857145, -118.09465957142856]"
0,48,33.977272,-118.066363,"[33.958881142857145, -118.09465957142856]"
0,48,34.015444,-118.11101200000002,"[33.958881142857145, -118.09465957142856]"
0,48,33.906956,-118.08263999999998,"[33.958881142857145, -118.09465957142856]"
0,48,33.989523999999996,-118.089299,"[33.958881142857145, -118.09465957142856]"
0,48,33.933565,-118.062611,"[33.958881142857145, -118.09465957142856]"
0,48,33.887821,-118.12725,"[33.958881142857145, -118.09465957142856]"
0,49,33.964131,-118.272783,"[33.973640333333336, -118.33783746666668]"
0,49,34.009552,-118.346724,"[33.973640333333336, -118.33783746666668]"
0,49,34.002717,-118.28748600000002,"[33.973640333333336, -118.33783746666668]"
0,49,33.988504999999996,-118.336358,"[33.973640333333336, -118.33783746666668]"
0,49,33.952725,-118.291904,"[33.973640333333336, -118.33783746666668]"
0,49,33.953617,-118.308428,"[33.973640333333336, -118.33783746666668]"
0,49,33.988046999999995,-118.37036100000002,"[33.973640333333336, -118.33783746666668]"
0,49,34.003638,-118.308806,"[33.973640333333336, -118.33783746666668]"
0,49,33.975411,-118.416997,"[33.973640333333336, -118.33783746666668]"
0,49,33.997862,-118.39361699999999,"[33.973640333333336, -118.33783746666668]"
0,49,33.956526000000004,-118.358654,"[33.973640333333336, -118.33783746666668]"
0,49,33.975332,-118.35525200000001,"[33.973640333333336, -118.33783746666668]"
0,49,33.939766,-118.33108500000002,"[33.973640333333336, -118.33783746666668]"
0,49,33.937886,-118.35855900000001,"[33.973640333333336, -118.33783746666668]"
0,49,33.958890000000004,-118.330548,"[33.973640333333336, -118.33783746666668]"
0,50,33.624459,-117.781426,"[33.636106222222224, -117.82390861111111]"
0,50,33.690715000000004,-117.789224,"[33.636106222222224, -117.82390861111111]"
0,50,33.702062,-117.815424,"[33.636106222222224, -117.82390861111111]"
0,50,33.65844,-117.82600900000001,"[33.636106222222224, -117.82390861111111]"
0,50,33.680209999999995,-117.83335500000001,"[33.636106222222224, -117.82390861111111]"
0,50,33.642508,-117.84168100000001,"[33.636106222222224, -117.82390861111111]"
0,50,33.666942,-117.73209299999999,"[33.636106222222224, -117.82390861111111]"
0,50,33.714788,-117.749132,"[33.636106222222224, -117.82390861111111]"
0,50,33.601966,-117.864254,"[33.636106222222224, -117.82390861111111]"
0,50,33.647763,-117.91976100000001,"[33.636106222222224, -117.82390861111111]"
0,50,33.612925,-117.731443,"[33.636106222222224, -117.82390861111111]"
0,50,33.57093,-117.77304199999999,"[33.636106222222224, -117.82390861111111]"
0,50,33.576212,-117.730368,"[33.636106222222224, -117.82390861111111]"
0,50,33.595088,-117.82903799999998,"[33.636106222222224, -117.82390861111111]"
0,50,33.634626000000004,-117.874882,"[33.636106222222224, -117.82390861111111]"
0,50,33.601984,-117.913001,"[33.636106222222224, -117.82390861111111]"
0,50,33.605086,-117.892319,"[33.636106222222224, -117.82390861111111]"
0,50,33.623208,-117.933903,"[33.636106222222224, -117.82390861111111]"
0,51,34.058607,-119.92912,"[34.526440388888886, -119.8863876111111]"
0,51,34.44137,-119.51409199999999,"[34.526440388888886, -119.8863876111111]"
0,51,34.421964,-119.593483,"[34.526440388888886, -119.8863876111111]"
0,51,34.418979,-119.709166,"[34.526440388888886, -119.8863876111111]"
0,51,34.438773,-119.67884099999999,"[34.526440388888886, -119.8863876111111]"
0,51,34.533221999999995,-119.791731,"[34.526440388888886, -119.8863876111111]"
0,51,34.448024,-119.616984,"[34.526440388888886, -119.8863876111111]"
0,51,34.406428000000005,-119.72688799999999,"[34.526440388888886, -119.8863876111111]"
0,51,34.446201,-119.762794,"[34.526440388888886, -119.8863876111111]"
0,51,34.449185,-119.804782,"[34.526440388888886, -119.8863876111111]"
0,51,34.479453,-120.084094,"[34.526440388888886, -119.8863876111111]"
0,51,34.966867,-119.810433,"[34.526440388888886, -119.8863876111111]"
0,51,34.610436,-120.219523,"[34.526440388888886, -119.8863876111111]"
0,51,34.595669,-120.352667,"[34.526440388888886, -119.8863876111111]"
0,51,34.712216,-120.23014599999999,"[34.526440388888886, -119.8863876111111]"
0,51,34.770604999999996,-119.98520500000001,"[34.526440388888886, -119.8863876111111]"
0,51,34.653533,-120.007153,"[34.526440388888886, -119.8863876111111]"
0,51,34.624395,-120.137875,"[34.526440388888886, -119.8863876111111]"
0,52,37.773793,-122.27811499999999,"[37.77343569230769, -122.20604953846154]"
0,52,37.737572,-122.245507,"[37.77343569230769, -122.20604953846154]"
0,52,37.713275,-122.16735,"[37.77343569230769, -122.20604953846154]"
0,52,37.775545,-122.218705,"[37.77343569230769, -122.20604953846154]"
0,52,37.804319,-122.207544,"[37.77343569230769, -122.20604953846154]"
0,52,37.736534999999996,-122.17943999999999,"[37.77343569230769, -122.20604953846154]"
0,52,37.761408,-122.150198,"[37.77343569230769, -122.20604953846154]"
0,52,37.791887,-122.24533400000001,"[37.77343569230769, -122.20604953846154]"
0,52,37.811406,-122.24245800000001,"[37.77343569230769, -122.20604953846154]"
0,52,37.82935,-122.203507,"[37.77343569230769, -122.20604953846154]"
0,52,37.780852,-122.182849,"[37.77343569230769, -122.20604953846154]"
0,52,37.79045,-122.140809,"[37.77343569230769, -122.20604953846154]"
0,52,37.748272,-122.216828,"[37.77343569230769, -122.20604953846154]"
0,53,33.818477,-118.038307,"[33.79669741666667, -118.11183445833332]"
0,53,33.8676,-118.08061200000002,"[33.79669741666667, -118.11183445833332]"
0,53,33.867743,-118.06947199999999,"[33.79669741666667, -118.11183445833332]"
0,53,33.849034,-118.147902,"[33.79669741666667, -118.11183445833332]"
0,53,33.847989,-118.112601,"[33.79669741666667, -118.11183445833332]"
0,53,33.841027000000004,-118.07914099999999,"[33.79669741666667, -118.11183445833332]"
0,53,33.830482,-118.073451,"[33.79669741666667, -118.11183445833332]"
0,53,33.795012,-118.062692,"[33.79669741666667, -118.11183445833332]"
0,53,33.758404999999996,-118.075043,"[33.79669741666667, -118.11183445833332]"
0,53,33.716666,-118.07690600000001,"[33.79669741666667, -118.11183445833332]"
0,53,33.726516,-118.090327,"[33.79669741666667, -118.11183445833332]"
0,53,33.803430999999996,-118.16977,"[33.79669741666667, -118.11183445833332]"
0,53,33.756289,-118.13063600000001,"[33.79669741666667, -118.11183445833332]"
0,53,33.781686,-118.14836499999998,"[33.79669741666667, -118.11183445833332]"
0,53,33.805401,-118.187701,"[33.79669741666667, -118.11183445833332]"
0,53,33.827740000000006,-118.17482,"[33.79669741666667, -118.11183445833332]"
0,53,33.823943,-118.11133500000001,"[33.79669741666667, -118.11183445833332]"
0,53,33.782259,-118.196793,"[33.79669741666667, -118.11183445833332]"
0,53,33.771615999999995,-118.143631,"[33.79669741666667, -118.11183445833332]"
0,53,33.794348,-118.116391,"[33.79669741666667, -118.11183445833332]"
0,53,33.778436,-118.118648,"[33.79669741666667, -118.11183445833332]"
0,53,33.768334,-118.20163600000001,"[33.79669741666667, -118.11183445833332]"
0,53,33.72524,-118.051579,"[33.79669741666667, -118.11183445833332]"
0,53,33.783064,-118.02626799999999,"[33.79669741666667, -118.11183445833332]"
