,Unnamed: 0,Neighborhood,Unnamed: 0.1,Unnamed: 0.1.1,Unnamed: 0.1.1,closed,closed_date,coordinates,duplicate_verified,lat,long,mobile_web_status,open,override_duplicate,requested_datetime,sap_problem_type,service_name,status_description
0,3,Rolando,3.0,78.0,78.0,0.0,,32.760451-117.064381,0.0,32.760451,-117.06438100000001,In process,1.0,0.0,2017-05-23T14:43:00,Pothole,Pothole,Acknowledged
1,4,Rolando,4.0,81.0,81.0,0.0,,32.758759-117.063192,0.0,32.758759000000005,-117.06319199999999,New,1.0,0.0,2017-05-23T14:40:00,Pothole,Pothole,New
2,5,El Cerrito,5.0,88.0,88.0,0.0,,32.748611-117.079278,0.0,32.748611,-117.079278,In process,1.0,0.0,2017-05-23T14:17:00,Pothole,Pothole,Acknowledged
3,19,Talmadge,19.0,290.0,290.0,0.0,,32.755209-117.10081,0.0,32.755209,-117.10081000000001,In process,1.0,1.0,2017-05-23T07:46:00,Pothole,Pothole,Acknowledged
4,26,Fairmont Village,26.0,436.0,436.0,0.0,,32.74953741232278-117.098696546027,0.0,32.7495374123,-117.098696546,In process,1.0,0.0,2017-05-22T18:53:00,Pothole,Other,Acknowledged
5,32,College East,32.0,654.0,654.0,0.0,,32.76853097927413-117.05369259296955,0.0,32.768530979299996,-117.053692593,In process,1.0,0.0,2017-05-22T12:49:00,Pothole,Pothole,Acknowledged
6,34,Kensington,34.0,671.0,671.0,0.0,,32.76111300715734-117.10240192825849,0.0,32.761113007199995,-117.10240192799999,In process,1.0,1.0,2017-05-22T12:13:00,Pothole,Pothole,Acknowledged
7,38,Fairmont Village,38.0,792.0,792.0,0.0,,32.7488978812776-117.09233008336,0.0,32.7488978813,-117.092330083,In process,1.0,0.0,2017-05-22T09:10:00,Pothole,Pothole,Acknowledged
8,43,Redwood Village-Rolando Park,43.0,894.0,894.0,0.0,,32.74263680915603-117.0763224085021,0.0,32.7426368092,-117.076322409,In process,1.0,0.0,2017-05-22T07:10:00,Pothole,Pothole,Acknowledged
9,49,Normal Heights,49.0,931.0,931.0,0.0,,32.760567334588934-117.12341030555729,0.0,32.7605673346,-117.12341030600001,In process,1.0,0.0,2017-05-22T01:46:00,Pothole,Pothole,Acknowledged
10,60,College West,60.0,1127.0,1127.0,0.0,,32.76224800415864-117.0821829791492,0.0,32.7622480042,-117.082182979,In process,1.0,0.0,2017-05-21T08:48:00,Pothole,Pothole,Acknowledged
11,64,Normal Heights,64.0,1216.0,1216.0,0.0,,32.763295-117.1218111666667,0.0,32.763295,-117.121811167,In process,1.0,0.0,2017-05-20T21:02:00,Pothole,Pothole,Acknowledged
12,73,College West,73.0,1309.0,1309.0,0.0,,32.762878083404-117.0821969907826,0.0,32.762878083400004,-117.082196991,In process,1.0,1.0,2017-05-20T12:39:00,Pothole,Pothole,Acknowledged
13,84,Teralta East,84.0,1576.0,1576.0,0.0,,32.751395-117.096613,0.0,32.751395,-117.09661299999999,In process,1.0,1.0,2017-05-19T18:00:00,Pothole,Pothole,Acknowledged
14,92,Talmadge,92.0,1824.0,1824.0,0.0,,32.757859-117.095771,0.0,32.757859,-117.095771,In process,1.0,0.0,2017-05-19T09:46:00,Pothole,Pothole,Acknowledged
15,108,Talmadge,108.0,1936.0,1936.0,0.0,,32.7571740451191-117.1001867297179,0.0,32.7571740451,-117.10018673,In process,1.0,0.0,2017-05-18T22:12:00,Pothole,Pothole,Acknowledged
16,110,Redwood Village-Rolando Park,110.0,1988.0,1988.0,0.0,,32.746749-117.06643,0.0,32.746749,-117.06643000000001,In process,1.0,0.0,2017-05-18T17:50:00,Pothole,Pothole,Acknowledged
17,120,College West,120.0,2112.0,2112.0,0.0,,32.77071936161888-117.0720186238959,0.0,32.7707193616,-117.072018624,In process,1.0,0.0,2017-05-18T13:08:00,Pothole,Pothole,Acknowledged
18,134,Swan Canyon,134.0,2288.0,2288.0,0.0,,32.7384094-117.09657349999998,0.0,32.738409399999995,-117.0965735,In process,1.0,0.0,2017-05-18T07:25:00,Pothole,Traffic Sign,Assigned
19,136,Swan Canyon,136.0,2303.0,2303.0,0.0,,32.7384187-117.09766660000003,0.0,32.7384187,-117.0976666,In process,1.0,1.0,2017-05-18T07:16:00,Pothole,Pothole,Assigned
20,137,Swan Canyon,137.0,2306.0,2306.0,0.0,,32.7384187-117.09766660000003,0.0,32.7384187,-117.0976666,In process,1.0,0.0,2017-05-18T07:13:00,Pothole,Pothole,Assigned
21,155,Normal Heights,155.0,2689.0,2689.0,0.0,,32.76668322882202-117.1151842181179,0.0,32.7666832288,-117.115184218,In process,1.0,1.0,2017-05-17T13:25:00,Pothole,Pothole,Assigned
22,156,Normal Heights,156.0,2692.0,2692.0,0.0,,32.76678714384851-117.11580378129,0.0,32.7667871438,-117.115803781,In process,1.0,1.0,2017-05-17T13:23:00,Pothole,Pothole,Assigned
23,157,Normal Heights,157.0,2693.0,2693.0,0.0,,32.76748803081691-117.1160133825453,0.0,32.7674880308,-117.116013383,In process,1.0,0.0,2017-05-17T13:22:00,Pothole,Pothole,Acknowledged
24,158,Normal Heights,158.0,2696.0,2696.0,0.0,,32.76801352756355-117.1164234742232,0.0,32.768013527600004,-117.116423474,In process,1.0,1.0,2017-05-17T13:21:00,Pothole,Pothole,Assigned
25,171,Normal Heights,171.0,2794.0,2794.0,0.0,,32.7690490242399-117.1214657464224,0.0,32.7690490242,-117.121465746,In process,1.0,0.0,2017-05-17T10:59:00,Pothole,Pothole,Assigned
26,179,Normal Heights,179.0,2942.0,2942.0,0.0,,32.76263720358979-117.1234233399081,0.0,32.7626372036,-117.12342334,In process,1.0,0.0,2017-05-17T07:47:00,Pothole,Pothole,Assigned
27,182,Fairmont Village,182.0,3058.0,3058.0,0.0,,32.74702929833718-117.0924116716673,0.0,32.7470292983,-117.09241167200001,In process,1.0,0.0,2017-05-16T20:12:00,Pothole,Pothole,Assigned
28,197,City Heights,197.0,3190.0,3190.0,0.0,,32.744045-117.113501,0.0,32.744045,-117.113501,In process,1.0,0.0,2017-05-16T15:07:00,Pothole,Pothole,Assigned
29,202,College East,202.0,3271.0,3271.0,0.0,,32.77155243318547-117.04923769364012,0.0,32.7715524332,-117.049237694,In process,1.0,0.0,2017-05-16T12:51:00,Pothole,Pothole,Assigned
30,207,Chollas Creek,207.0,3336.0,3336.0,0.0,,32.73764174518468-117.09024321544649,0.0,32.7376417452,-117.090243215,In process,1.0,0.0,2017-05-16T10:48:00,Pothole,Pothole,Assigned
31,209,Colina del Sol,209.0,3346.0,3346.0,0.0,,32.749655-117.0848611666667,0.0,32.749655,-117.08486116700001,In process,1.0,0.0,2017-05-16T10:32:00,Pothole,Other,Assigned
32,220,Ridgeview-Webster,220.0,3452.0,3452.0,0.0,,32.720212-117.085133,0.0,32.720212,-117.08513300000001,In process,1.0,0.0,2017-05-16T08:15:00,Pothole,Pothole,Assigned
33,221,Normal Heights,221.0,3455.0,3455.0,0.0,,32.76115674994212-117.1234011278647,0.0,32.761156749899996,-117.123401128,In process,1.0,0.0,2017-05-16T08:10:00,Pothole,Pothole,Assigned
34,223,College East,223.0,3464.0,3464.0,0.0,,32.76559829999999-117.0668028,0.0,32.7655983,-117.06680279999999,In process,1.0,0.0,2017-05-16T07:56:00,Pothole,Pothole,Assigned
35,224,City Heights,224.0,3516.0,3516.0,0.0,,32.735992207239065-117.10214381534422,0.0,32.7359922072,-117.102143815,In process,1.0,0.0,2017-05-16T07:14:00,Pothole,Pothole,Assigned
36,237,City Heights,237.0,3701.0,3701.0,0.0,,32.747793-117.106951,0.0,32.747793,-117.106951,In process,1.0,0.0,2017-05-15T14:48:00,Pothole,Pothole,Assigned
37,245,Fairmont Park,245.0,3774.0,3774.0,0.0,,32.72867126131394-117.10693317054056,0.0,32.7286712613,-117.10693317100001,In process,1.0,1.0,2017-05-15T12:23:00,Pothole,Pothole,Assigned
38,267,Teralta East,267.0,3985.0,3985.0,0.0,,32.75538-117.096581,0.0,32.75538,-117.096581,In process,1.0,0.0,2017-05-15T06:52:00,Pothole,Pothole,Assigned
39,276,Fairmont Village,276.0,4065.0,4065.0,0.0,,32.749262-117.094532,0.0,32.749262,-117.094532,In process,1.0,0.0,2017-05-14T16:57:00,Pothole,Pothole,Assigned
40,277,Chollas Creek,277.0,4081.0,4081.0,0.0,,32.7410624-117.08526599999999,0.0,32.741062400000004,-117.08526599999999,In process,1.0,0.0,2017-05-14T15:41:00,Pothole,Pothole,Assigned
41,280,Normal Heights,280.0,4095.0,4095.0,0.0,,32.7588412-117.11063260000003,0.0,32.7588412,-117.11063259999999,In process,1.0,0.0,2017-05-14T14:32:00,Pothole,Pothole,Assigned
42,281,Rolando,281.0,4101.0,4101.0,0.0,,32.76432843256868-117.06047203775103,0.0,32.7643284326,-117.06047203799999,In process,1.0,0.0,2017-05-14T14:13:00,Pothole,Pothole,Assigned
43,305,Normal Heights,305.0,4518.0,4518.0,0.0,,32.76763032135548-117.1205980722303,0.0,32.7676303214,-117.120598072,In process,1.0,0.0,2017-05-13T08:35:00,Pothole,Pothole,Assigned
44,306,Normal Heights,306.0,4521.0,4521.0,0.0,,32.76450705482362-117.1206083133832,0.0,32.7645070548,-117.12060831299999,In process,1.0,0.0,2017-05-13T08:32:00,Pothole,Pothole,Assigned
45,325,College West,325.0,4780.0,4780.0,0.0,,32.7779343-117.08920969999997,0.0,32.7779343,-117.08920970000001,In process,1.0,1.0,2017-05-12T11:18:00,Pothole,Pothole,Assigned
46,327,College West,327.0,4782.0,4782.0,0.0,,32.7762195-117.08722419999998,0.0,32.7762195,-117.08722420000001,In process,1.0,0.0,2017-05-12T11:11:00,Pothole,Pothole,Assigned
47,330,Fairmont Village,330.0,4794.0,4794.0,0.0,,32.74958643642353-117.09711899573055,0.0,32.7495864364,-117.097118996,In process,1.0,0.0,2017-05-12T10:56:00,Pothole,Pothole,Assigned
48,331,Talmadge,331.0,4799.0,4799.0,0.0,,32.758196252195305-117.08607225341797,0.0,32.7581962522,-117.086072253,In process,1.0,0.0,2017-05-12T10:51:00,Pothole,Pothole,Assigned
49,347,Fox Canyon,347.0,4957.0,4957.0,0.0,,32.745904-117.09214700000001,0.0,32.745903999999996,-117.092147,In process,1.0,0.0,2017-05-11T20:29:00,Pothole,Pothole,Assigned
50,350,Kensington,350.0,4964.0,4964.0,0.0,,32.7627895712814-117.0975814406188,0.0,32.762789571300004,-117.097581441,In process,1.0,0.0,2017-05-11T20:13:00,Pothole,Pothole,Assigned
51,366,College East,366.0,5174.0,5174.0,0.0,,32.77010520761616-117.04723386688232,0.0,32.770105207600004,-117.047233867,In process,1.0,0.0,2017-05-11T12:53:00,Pothole,Pothole,Assigned
52,370,Fox Canyon,370.0,5227.0,5227.0,0.0,,32.74549149696837-117.09233084976807,0.0,32.745491496999996,-117.09233085,In process,1.0,0.0,2017-05-11T11:41:00,Pothole,Pothole,Assigned
53,372,El Cerrito,372.0,5249.0,5249.0,0.0,,32.75137499999999-117.07856800000002,0.0,32.751375,-117.07856799999999,In process,1.0,0.0,2017-05-11T10:52:00,Pothole,Pothole,Assigned
54,378,College East,378.0,5298.0,5298.0,0.0,,32.7651784-117.0630071,0.0,32.765178399999996,-117.0630071,In process,1.0,0.0,2017-05-11T09:38:00,Pothole,Pothole,Assigned
55,385,Fairmont Park,385.0,5399.0,5399.0,0.0,,32.7220635-117.11397549999998,0.0,32.722063500000004,-117.1139755,In process,1.0,0.0,2017-05-10T22:34:00,Pothole,Pothole,Assigned
56,386,Fairmont Park,386.0,5400.0,5400.0,0.0,,32.7219229-117.11395040000002,0.0,32.7219229,-117.1139504,In process,1.0,0.0,2017-05-10T22:33:00,Pothole,Pothole,Assigned
57,394,Colina del Sol,394.0,5581.0,5581.0,0.0,,32.75487111451956-117.07942005969129,0.0,32.7548711145,-117.07942006,In process,1.0,0.0,2017-05-10T16:04:00,Pothole,Pothole,Assigned
58,404,El Cerrito,404.0,5724.0,5724.0,0.0,,32.753077-117.076955,0.0,32.753077000000005,-117.076955,In process,1.0,1.0,2017-05-10T12:29:00,Pothole,Pothole,Assigned
59,405,El Cerrito,405.0,5725.0,5725.0,0.0,,32.753129-117.07671,0.0,32.753129,-117.07671,In process,1.0,0.0,2017-05-10T12:29:00,Pothole,Pothole,Assigned
60,406,El Cerrito,406.0,5728.0,5728.0,0.0,,32.75526-117.073938,0.0,32.75526,-117.07393799999998,In process,1.0,0.0,2017-05-10T12:25:00,Pothole,Pothole,Assigned
61,407,El Cerrito,407.0,5735.0,5735.0,0.0,,32.754232-117.073665,0.0,32.754232,-117.07366499999999,In process,1.0,1.0,2017-05-10T12:20:00,Pothole,Pothole,Assigned
62,411,Normal Heights,411.0,5824.0,5824.0,0.0,,32.75928314312617-117.1213894711036,1.0,32.7592831431,-117.121389471,In process,1.0,1.0,2017-05-10T09:53:00,Pothole,Pothole,Assigned
63,412,Teralta East,412.0,5828.0,5828.0,0.0,,32.75136141638683-117.09658114833832,0.0,32.7513614164,-117.096581148,In process,1.0,1.0,2017-05-10T09:48:00,Pothole,Pothole,Assigned
64,413,Normal Heights,413.0,5847.0,5847.0,0.0,,32.759822470949544-117.12345108151055,0.0,32.759822470900005,-117.123451082,In process,1.0,1.0,2017-05-10T09:14:00,Pothole,Pothole,Assigned
65,423,Teralta East,423.0,5993.0,5993.0,0.0,,32.751356-117.096678,0.0,32.751356,-117.096678,In process,1.0,0.0,2017-05-09T18:28:00,Pothole,Pothole,Assigned
66,429,College West,429.0,6114.0,6114.0,0.0,,32.77032736299402-117.0919935856892,0.0,32.770327363,-117.091993586,In process,1.0,0.0,2017-05-09T15:26:00,Pothole,Pothole,Assigned
67,440,City Heights,440.0,6247.0,6247.0,0.0,,32.7370955-117.10233490000002,0.0,32.7370955,-117.10233490000002,In process,1.0,1.0,2017-05-09T11:14:00,Pothole,Pothole,Assigned
68,453,Ridgeview-Webster,453.0,6381.0,6381.0,0.0,,32.721447-117.095465,0.0,32.721447,-117.09546499999999,In process,1.0,0.0,2017-05-09T06:40:00,Pothole,Pothole,Assigned
69,454,College West,454.0,6384.0,6384.0,0.0,,32.77075220141742-117.0700066464712,0.0,32.7707522014,-117.07000664600001,In process,1.0,0.0,2017-05-09T06:38:00,Pothole,Pothole,Assigned
70,455,College West,455.0,6386.0,6386.0,0.0,,32.77083776469514-117.0763874184366,0.0,32.7708377647,-117.076387418,In process,1.0,0.0,2017-05-09T06:37:00,Pothole,Pothole,Assigned
71,469,City Heights,469.0,6498.0,6498.0,0.0,,32.750815509191476-117.1116497985841,0.0,32.7508155092,-117.11164979899999,In process,1.0,0.0,2017-05-08T18:46:00,Pothole,Pothole,Assigned
72,472,Ridgeview-Webster,472.0,6503.0,6503.0,0.0,,32.72554409693249-117.0856139996248,0.0,32.7255440969,-117.08561399999999,In process,1.0,0.0,2017-05-08T18:29:00,Pothole,Pothole,Assigned
73,476,Fairmont Village,476.0,6573.0,6573.0,0.0,,32.7458133-117.09770630000003,0.0,32.7458133,-117.09770630000001,In process,1.0,0.0,2017-05-08T16:33:00,Pothole,Pothole,Assigned
74,479,Rolando,479.0,6601.0,6601.0,0.0,,32.762087-117.061434,0.0,32.762087,-117.061434,In process,1.0,0.0,2017-05-08T15:54:00,Pothole,Pothole,Assigned
75,481,Rolando,481.0,6605.0,6605.0,0.0,,32.763123-117.060735,0.0,32.763123,-117.06073500000001,In process,1.0,0.0,2017-05-08T15:52:00,Pothole,Pothole,Assigned
76,482,Rolando,482.0,6610.0,6610.0,0.0,,32.762185-117.064312,0.0,32.762184999999995,-117.06431200000002,In process,1.0,0.0,2017-05-08T15:49:00,Pothole,Pothole,Assigned
77,487,Redwood Village-Rolando Park,487.0,6638.0,6638.0,0.0,,32.755121-117.056744,0.0,32.755121,-117.056744,In process,1.0,0.0,2017-05-08T14:55:00,Pothole,Pothole,Assigned
78,494,Normal Heights,494.0,6691.0,6691.0,0.0,,32.76404589822572-117.1183483682762,0.0,32.7640458982,-117.11834836799999,In process,1.0,1.0,2017-05-08T12:45:00,Pothole,Pothole,Assigned
79,495,Normal Heights,495.0,6705.0,6705.0,0.0,,32.76885997436098-117.1183447658396,0.0,32.7688599744,-117.118344766,In process,1.0,0.0,2017-05-08T12:36:00,Pothole,Pothole,Assigned
80,496,Normal Heights,496.0,6714.0,6714.0,0.0,,32.77124351006621-117.1183566985512,0.0,32.7712435101,-117.118356699,In process,1.0,0.0,2017-05-08T12:29:00,Pothole,Pothole,Assigned
81,497,Normal Heights,497.0,6715.0,6715.0,0.0,,32.77130715996365-117.1183564820844,0.0,32.77130716,-117.11835648200001,In process,1.0,0.0,2017-05-08T12:29:00,Pothole,Pothole,Assigned
82,498,Normal Heights,498.0,6718.0,6718.0,0.0,,32.77142730708984-117.1169054984917,0.0,32.7714273071,-117.116905498,In process,1.0,0.0,2017-05-08T12:27:00,Pothole,Pothole,Assigned
83,499,Normal Heights,499.0,6720.0,6720.0,0.0,,32.76920199292366-117.1170801815356,0.0,32.7692019929,-117.11708018200001,In process,1.0,0.0,2017-05-08T12:25:00,Pothole,Pothole,Assigned
84,500,Normal Heights,500.0,6721.0,6721.0,0.0,,32.76763507111803-117.1172095156013,0.0,32.7676350711,-117.117209516,In process,1.0,1.0,2017-05-08T12:24:00,Pothole,Pothole,Assigned
85,501,Normal Heights,501.0,6722.0,6722.0,0.0,,32.76744249372678-117.1172144210516,0.0,32.767442493699996,-117.117214421,In process,1.0,0.0,2017-05-08T12:23:00,Pothole,Pothole,Assigned
86,502,Normal Heights,502.0,6725.0,6725.0,0.0,,32.76549413838086-117.1172267304327,0.0,32.7654941384,-117.11722673,In process,1.0,1.0,2017-05-08T12:21:00,Pothole,Pothole,Assigned
87,518,Fairmont Park,518.0,6852.0,6852.0,0.0,,32.720763591126435-117.10973052771793,0.0,32.7207635911,-117.10973052799999,In process,1.0,0.0,2017-05-08T08:18:00,Pothole,Pothole,Assigned
88,519,College West,519.0,6878.0,6878.0,0.0,,32.77626494161544-117.0993145538707,0.0,32.7762649416,-117.099314554,In process,1.0,1.0,2017-05-08T06:43:00,Pothole,Pothole,Assigned
89,521,College West,521.0,6880.0,6880.0,0.0,,32.76287231418257-117.0670079627141,0.0,32.7628723142,-117.067007963,In process,1.0,0.0,2017-05-08T06:41:00,Pothole,Pothole,Assigned
90,524,Normal Heights,524.0,6932.0,6932.0,0.0,,32.76149437300187-117.1234370862293,0.0,32.761494373000005,-117.12343708600001,In process,1.0,0.0,2017-05-07T17:20:00,Pothole,Pothole,Assigned
91,527,Talmadge,527.0,6968.0,6968.0,0.0,,32.7606417-117.08963849999998,0.0,32.7606417,-117.0896385,In process,1.0,0.0,2017-05-07T15:28:00,Pothole,Pothole,Assigned
92,539,Normal Heights,539.0,7128.0,7128.0,0.0,,32.76721223955522-117.1182675613383,0.0,32.7672122396,-117.11826756100001,In process,1.0,0.0,2017-05-06T17:21:00,Pothole,Pothole,Assigned
93,545,Talmadge,545.0,7208.0,7208.0,0.0,,32.75595247132922-117.0940220399757,0.0,32.7559524713,-117.09402204,In process,1.0,0.0,2017-05-06T10:39:00,Pothole,Pothole,Assigned
94,546,Talmadge,546.0,7219.0,7219.0,0.0,,32.76234252835349-117.0973229390814,0.0,32.762342528400005,-117.097322939,In process,1.0,0.0,2017-05-06T10:02:00,Pothole,Pothole,Assigned
95,553,College East,553.0,7312.0,7312.0,0.0,,32.768573928127765-117.05363827835691,0.0,32.7685739281,-117.053638278,In process,1.0,0.0,2017-05-05T19:32:00,Pothole,Pothole,Assigned
96,557,El Cerrito,557.0,7353.0,7353.0,0.0,,32.754891-117.07771,0.0,32.754891,-117.07771000000001,In process,1.0,0.0,2017-05-05T17:34:00,Pothole,Pothole,Assigned
97,570,Normal Heights,570.0,7628.0,7628.0,0.0,,32.76411458127667-117.1239088825531,0.0,32.7641145813,-117.123908883,In process,1.0,1.0,2017-05-05T12:36:00,Pothole,Pothole,Assigned
98,575,Fairmont Park,575.0,7733.0,7733.0,0.0,,32.7245411-117.10514619999998,0.0,32.7245411,-117.10514620000001,In process,1.0,1.0,2017-05-05T09:24:00,Pothole,Pothole,Assigned
99,598,Normal Heights,598.0,7994.0,7994.0,0.0,,32.77224372861751-117.1159334819492,0.0,32.7722437286,-117.115933482,In process,1.0,0.0,2017-05-04T12:55:00,Pothole,Pothole,Assigned
100,599,Normal Heights,599.0,7995.0,7995.0,0.0,,32.77376801532456-117.115116132472,0.0,32.7737680153,-117.11511613200001,In process,1.0,0.0,2017-05-04T12:53:00,Pothole,Pothole,Assigned
101,600,Normal Heights,600.0,7998.0,7998.0,0.0,,32.77401072074151-117.1193858643243,0.0,32.774010720700005,-117.119385864,In process,1.0,0.0,2017-05-04T12:48:00,Pothole,Pothole,Assigned
102,601,Normal Heights,601.0,8001.0,8001.0,0.0,,32.77152336279421-117.1193909751056,0.0,32.771523362800004,-117.119390975,In process,1.0,0.0,2017-05-04T12:45:00,Pothole,Pothole,Assigned
103,602,Normal Heights,602.0,8003.0,8003.0,0.0,,32.77149325168874-117.1215141013925,0.0,32.7714932517,-117.121514101,In process,1.0,0.0,2017-05-04T12:43:00,Pothole,Pothole,Assigned
104,613,Normal Heights,613.0,8258.0,8258.0,0.0,,32.76343458791555-117.1182608101151,0.0,32.7634345879,-117.11826081,In process,1.0,0.0,2017-05-03T18:02:00,Pothole,Pothole,Assigned
105,614,Normal Heights,614.0,8307.0,8307.0,0.0,,32.76772553530548-117.1253668242857,0.0,32.7677255353,-117.125366824,In process,1.0,0.0,2017-05-03T15:52:00,Pothole,Pothole,Assigned
106,615,Normal Heights,615.0,8314.0,8314.0,0.0,,32.7657049048033-117.1259424533665,0.0,32.7657049048,-117.125942453,In process,1.0,0.0,2017-05-03T15:48:00,Pothole,Pothole,Assigned
107,633,Normal Heights,633.0,8734.0,8734.0,0.0,,32.76693837720227-117.1183254663992,0.0,32.7669383772,-117.118325466,In process,1.0,0.0,2017-05-02T17:39:00,Pothole,Pothole,Assigned
108,638,Normal Heights,638.0,8832.0,8832.0,0.0,,32.77027807459984-117.119478872412,0.0,32.7702780746,-117.119478872,In process,1.0,0.0,2017-05-02T14:45:00,Pothole,Pothole,Assigned
109,639,Normal Heights,639.0,8834.0,8834.0,0.0,,32.76913414671457-117.1195592955105,0.0,32.7691341467,-117.119559296,In process,1.0,0.0,2017-05-02T14:43:00,Pothole,Pothole,Assigned
110,640,Normal Heights,640.0,8835.0,8835.0,0.0,,32.76905258927138-117.1192970706668,0.0,32.769052589299996,-117.119297071,In process,1.0,0.0,2017-05-02T14:43:00,Pothole,Pothole,Assigned
111,641,Normal Heights,641.0,8839.0,8839.0,0.0,,32.76747165155581-117.119519593469,0.0,32.7674716516,-117.11951959299999,In process,1.0,0.0,2017-05-02T14:40:00,Pothole,Pothole,Assigned
112,643,Normal Heights,643.0,8867.0,8867.0,0.0,,32.76338188731509-117.12498328148257,0.0,32.7633818873,-117.124983281,In process,1.0,0.0,2017-05-02T14:12:00,Pothole,Pothole,Assigned
113,660,Chollas Creek,660.0,9171.0,9171.0,0.0,,32.741838-117.08635,0.0,32.741838,-117.08635,In process,1.0,0.0,2017-05-01T19:30:00,Pothole,Pothole,Assigned
114,666,Fairmont Village,666.0,9220.0,9220.0,0.0,,32.745834-117.092499,0.0,32.745834,-117.092499,In process,1.0,0.0,2017-05-01T17:07:00,Pothole,Pothole,Assigned
115,672,Normal Heights,672.0,9481.0,9481.0,0.0,,32.76736170186119-117.1195634339674,0.0,32.7673617019,-117.119563434,In process,1.0,1.0,2017-05-01T07:37:00,Pothole,Pothole,Assigned
116,707,Kearny Mesa,707.0,10015.0,10015.0,0.0,,32.83243880861806-117.14143304748535,0.0,32.8324388086,-117.141433047,In process,1.0,1.0,2017-04-29T09:41:00,Pothole,Pothole,Acknowledged
117,715,Pacific Beach,715.0,10100.0,10100.0,0.0,,32.80334558271178-117.2261822397644,0.0,32.8033455827,-117.22618224,In process,1.0,0.0,2017-04-28T17:45:00,Pothole,Sidewalk,Assigned
118,731,North Park,731.0,10374.0,10374.0,0.0,,32.733206-117.115397,0.0,32.733206,-117.115397,In process,1.0,1.0,2017-04-28T06:37:00,Pothole,Pothole,Assigned
119,735,Serra Mesa,735.0,10408.0,10408.0,0.0,,32.7831122-117.11957159999997,0.0,32.7831122,-117.1195716,In process,1.0,0.0,2017-04-27T21:56:00,Pothole,Pothole,Assigned
120,737,University City,737.0,10436.0,10436.0,0.0,,32.86403148211171-117.2054625163384,0.0,32.8640314821,-117.205462516,In process,1.0,0.0,2017-04-27T19:46:00,Pothole,Pothole,Acknowledged
121,739,Serra Mesa,739.0,10513.0,10513.0,0.0,,32.8054308-117.1293245,0.0,32.8054308,-117.12932450000001,In process,1.0,0.0,2017-04-27T17:08:00,Pothole,Pothole,Assigned
122,745,Loma Portal,745.0,10587.0,10587.0,0.0,,32.75180806523994-117.22378759307867,0.0,32.7518080652,-117.223787593,In process,1.0,0.0,2017-04-27T14:46:00,Pothole,Pothole,Assigned
123,761,Mount Hope,761.0,10871.0,10871.0,0.0,,32.715933-117.107609,0.0,32.715933,-117.10760900000001,In process,1.0,0.0,2017-04-26T18:26:00,Pothole,Pothole,Assigned
124,762,El Cerrito,762.0,10879.0,10879.0,0.0,,32.754898-117.076276,0.0,32.754898,-117.07627600000001,In process,1.0,0.0,2017-04-26T18:20:00,Pothole,Pothole,Assigned
125,773,Loma Portal,773.0,11218.0,11218.0,0.0,,32.75493293538015-117.2231538222332,0.0,32.7549329354,-117.22315382200001,In process,1.0,1.0,2017-04-26T02:26:00,Pothole,Pothole,Assigned
126,774,Ridgeview-Webster,774.0,11222.0,11222.0,0.0,,32.719704-117.092101,0.0,32.719704,-117.092101,In process,1.0,0.0,2017-04-25T23:07:00,Pothole,Pothole,Assigned
127,775,Ridgeview-Webster,775.0,11224.0,11224.0,0.0,,32.719644-117.092434,0.0,32.719644,-117.09243400000001,In process,1.0,0.0,2017-04-25T23:04:00,Pothole,Pothole,Assigned
128,779,Core-Columbia,779.0,11347.0,11347.0,0.0,,32.718317-117.154824,0.0,32.718317,-117.154824,In process,1.0,0.0,2017-04-25T15:47:00,Pothole,Pothole,Assigned
129,787,University City,787.0,11552.0,11552.0,0.0,,32.85460624473184-117.20459985039714,0.0,32.8546062447,-117.20459985,In process,1.0,1.0,2017-04-25T09:15:00,Pothole,Pothole,Assigned
130,790,Miramar Ranch North,790.0,11658.0,11658.0,0.0,,32.93433021555078-117.073447405947,0.0,32.9343302156,-117.073447406,In process,1.0,0.0,2017-04-24T21:26:00,Pothole,Pothole,Acknowledged
131,792,Mountain View,792.0,11669.0,11669.0,0.0,,32.68896689269584-117.10245524863038,0.0,32.6889668927,-117.102455249,In process,1.0,0.0,2017-04-24T20:40:00,Pothole,Pothole,Assigned
132,807,Pacific Beach,807.0,11895.0,11895.0,0.0,,32.81252217973497-117.25059316820624,0.0,32.8125221797,-117.250593168,In process,1.0,0.0,2017-04-24T13:19:00,Pothole,Pothole,Assigned
133,810,North Park,810.0,11970.0,11970.0,0.0,,32.75221684454028-117.12893485972492,0.0,32.7522168445,-117.12893486,In process,1.0,0.0,2017-04-24T10:32:00,Pothole,Pothole,Assigned
134,812,San Carlos,812.0,12034.0,12034.0,0.0,,32.80855709736017-117.05161045619978,0.0,32.8085570974,-117.051610456,In process,1.0,0.0,2017-04-24T08:03:00,Pothole,Pothole,Acknowledged
135,841,Clairemont Mesa West,841.0,12532.0,12532.0,0.0,,32.815896-117.187739,0.0,32.815896,-117.187739,In process,1.0,0.0,2017-04-22T17:12:00,Pothole,Pothole,Assigned
136,842,Normal Heights,842.0,12548.0,12548.0,0.0,,32.759125-117.1234583333333,0.0,32.759125,-117.12345833299999,In process,1.0,0.0,2017-04-22T16:17:00,Pothole,Pothole,Assigned
137,854,Cortez,854.0,12708.0,12708.0,0.0,,32.72192403677173-117.1601139475751,0.0,32.7219240368,-117.16011394799999,In process,1.0,1.0,2017-04-22T08:53:00,Pothole,Pothole,Acknowledged
138,864,Pacific Beach,864.0,12848.0,12848.0,0.0,,32.78488954339357-117.23403622453175,0.0,32.7848895434,-117.234036225,In process,1.0,0.0,2017-04-21T15:55:00,Pothole,Pothole,Assigned
139,865,Normal Heights,865.0,12876.0,12876.0,0.0,,32.76335802621166-117.12175283613851,0.0,32.7633580262,-117.121752836,In process,1.0,0.0,2017-04-21T14:58:00,Pothole,Pothole,Assigned
140,892,Mission Bay,892.0,13364.0,13364.0,0.0,,32.7904422-117.20776339999997,0.0,32.7904422,-117.2077634,In process,1.0,1.0,2017-04-20T12:19:00,Pothole,Pothole,Assigned
141,899,San Pasqual,899.0,13482.0,13482.0,0.0,,33.08618028427324-116.99075756405541,0.0,33.0861802843,-116.99075756399999,In process,1.0,1.0,2017-04-20T09:13:00,Pothole,Pothole,Assigned
142,921,La Jolla Shores,921.0,13626.0,13626.0,0.0,,32.86120434910574-117.2533434209369,0.0,32.8612043491,-117.253343421,In process,1.0,0.0,2017-04-19T21:45:00,Pothole,Pothole,Assigned
143,929,Clairemont Mesa East,929.0,13736.0,13736.0,0.0,,32.816298-117.176151,1.0,32.816297999999996,-117.176151,In process,1.0,1.0,2017-04-19T17:05:00,Pothole,Pothole,Assigned
144,940,Pacific Beach,940.0,13975.0,13975.0,0.0,,32.8114253494383-117.23454436079383,0.0,32.811425349400004,-117.234544361,In process,1.0,0.0,2017-04-19T10:57:00,Pothole,Pothole,Assigned
145,953,Pacific Beach,953.0,14369.0,14369.0,0.0,,32.809568-117.219695,0.0,32.809568,-117.219695,In process,1.0,1.0,2017-04-18T12:32:00,Pothole,Pothole,Assigned
146,956,Torrey Preserve,956.0,14447.0,14447.0,0.0,,32.90172-117.224754,0.0,32.901720000000005,-117.224754,In process,1.0,1.0,2017-04-18T09:52:00,Pothole,Pothole,Assigned
147,959,Kearny Mesa,959.0,14598.0,14598.0,0.0,,32.823541-117.155458,0.0,32.823541,-117.15545800000001,In process,1.0,0.0,2017-04-17T21:06:00,Pothole,Pothole,Assigned
148,961,Clairemont Mesa East,961.0,14689.0,14689.0,0.0,,32.8059696217283-117.17366392543943,0.0,32.8059696217,-117.173663925,In process,1.0,0.0,2017-04-17T17:33:00,Pothole,Pothole,Assigned
149,962,College West,962.0,14694.0,14694.0,0.0,,32.763577-117.079956,0.0,32.763577000000005,-117.07995600000001,In process,1.0,0.0,2017-04-17T17:25:00,Pothole,Pothole,Assigned
150,980,Mira Mesa,980.0,15060.0,15060.0,0.0,,32.908737-117.164174,0.0,32.908737,-117.164174,In process,1.0,0.0,2017-04-17T07:23:00,Pothole,Pothole,Assigned
151,989,Mission Valley West,989.0,15330.0,15330.0,0.0,,32.765658-117.168266,0.0,32.765658,-117.16826599999999,In process,1.0,1.0,2017-04-15T21:02:00,Pothole,Pothole,Acknowledged
152,990,Chollas Creek,990.0,15363.0,15363.0,0.0,,32.74489672986221-117.0825368859952,0.0,32.7448967299,-117.082536886,In process,1.0,0.0,2017-04-15T18:45:00,Pothole,Pothole,Assigned
153,991,City Heights,991.0,15404.0,15404.0,0.0,,32.74937191981147-117.1038882249194,0.0,32.7493719198,-117.103888225,In process,1.0,0.0,2017-04-15T14:53:00,Pothole,Pothole,Assigned
154,997,Clairemont Mesa East,997.0,15577.0,15577.0,0.0,,32.831604-117.175779,0.0,32.831604,-117.175779,In process,1.0,0.0,2017-04-14T18:14:00,Pothole,Pothole,Assigned
155,1000,La Jolla,1000.0,15596.0,15596.0,0.0,,32.89099513682951-117.23905426644268,0.0,32.8909951368,-117.23905426600001,In process,1.0,1.0,2017-04-14T16:48:00,Pothole,Pothole,Assigned
156,1012,Mira Mesa,1012.0,15862.0,15862.0,0.0,,32.912598-117.148762,0.0,32.912597999999996,-117.148762,In process,1.0,1.0,2017-04-14T06:45:00,Pothole,Pothole,Assigned
157,1013,Kensington,1013.0,15863.0,15863.0,0.0,,32.755294-117.104589,0.0,32.755294,-117.10458899999999,In process,1.0,1.0,2017-04-14T06:43:00,Pothole,Pothole,Assigned
158,1017,Middletown,1017.0,15919.0,15919.0,0.0,,32.740818-117.1713886,0.0,32.740818,-117.1713886,In process,1.0,0.0,2017-04-13T18:49:00,Pothole,Pothole,Assigned
159,1025,Mission Valley East,1025.0,16184.0,16184.0,0.0,,32.7772394230055-117.14348118669432,0.0,32.777239423000005,-117.143481187,In process,1.0,1.0,2017-04-13T10:11:00,Pothole,Pothole,Acknowledged
160,1032,Allied Gardens,1032.0,16337.0,16337.0,0.0,,32.792916-117.085307,0.0,32.792916,-117.085307,In process,1.0,0.0,2017-04-12T22:01:00,Pothole,Pothole,Acknowledged
161,1035,Miramar Ranch North,1035.0,16419.0,16419.0,0.0,,32.94710766631954-117.10529832763672,0.0,32.9471076663,-117.10529832799999,In process,1.0,0.0,2017-04-12T17:17:00,Pothole,Pothole,Assigned
162,1041,Clairemont Mesa West,1041.0,16568.0,16568.0,0.0,,32.805730897674856-117.17732723260575,0.0,32.8057308977,-117.17732723299999,In process,1.0,1.0,2017-04-12T12:53:00,Pothole,Pothole,Assigned
163,1043,San Diego,1043.0,16608.0,16608.0,0.0,,32.55316099620662-116.9418917690562,0.0,32.5531609962,-116.941891769,In process,1.0,0.0,2017-04-12T11:30:00,Pothole,Pothole,Assigned
164,1053,Mission Valley East,1053.0,16887.0,16887.0,0.0,,32.7696782956205-117.1545687318939,0.0,32.7696782956,-117.154568732,In process,1.0,0.0,2017-04-11T18:07:00,Pothole,Pothole,Acknowledged
165,1055,Mission Valley East,1055.0,16947.0,16947.0,0.0,,32.76689054816934-117.15337552667576,0.0,32.7668905482,-117.15337552700001,In process,1.0,0.0,2017-04-11T17:25:00,Pothole,Pothole,Acknowledged
166,1065,Kearny Mesa,1065.0,17200.0,17200.0,0.0,,32.828125-117.163525,0.0,32.828125,-117.163525,In process,1.0,1.0,2017-04-11T08:45:00,Pothole,Pothole,Assigned
167,1073,Grantville,1073.0,17361.0,17361.0,0.0,,32.78502828471818-117.10152710547587,0.0,32.7850282847,-117.101527105,In process,1.0,0.0,2017-04-10T17:01:00,Pothole,Pothole,Acknowledged
168,1075,Tierrasanta,1075.0,17441.0,17441.0,0.0,,32.82928824000668-117.10340390198141,0.0,32.82928824,-117.10340390200001,In process,1.0,0.0,2017-04-10T14:45:00,Pothole,,Acknowledged
169,1076,Ridgeview-Webster,1076.0,17481.0,17481.0,0.0,,32.72884455624511-117.09976160549812,0.0,32.7288445562,-117.099761605,In process,1.0,1.0,2017-04-10T13:27:00,Pothole,Pothole,Assigned
170,1077,City Heights,1077.0,17552.0,17552.0,0.0,,32.749655-117.10662739999998,0.0,32.749655,-117.1066274,In process,1.0,0.0,2017-04-10T11:40:00,Pothole,Pothole,Assigned
171,1082,Old Town,1082.0,17689.0,17689.0,0.0,,32.74926558904025-117.19232807301637,0.0,32.749265589000004,-117.192328073,In process,1.0,1.0,2017-04-10T08:22:00,Pothole,Pothole,Assigned
172,1100,Clairemont Mesa East,1100.0,18332.0,18332.0,0.0,,32.814385-117.171256,0.0,32.814384999999994,-117.171256,In process,1.0,0.0,2017-04-07T19:29:00,Pothole,Pothole,Assigned
173,1114,Midway District,1114.0,18559.0,18559.0,0.0,,32.729547-117.173693,1.0,32.729547,-117.173693,In process,1.0,0.0,2017-04-07T10:13:00,Pothole,Pothole,Assigned
174,1144,Allied Gardens,1144.0,19598.0,19598.0,0.0,,32.80484402366395-117.0763826452438,0.0,32.8048440237,-117.076382645,In process,1.0,0.0,2017-04-04T18:35:00,Pothole,Pothole,Acknowledged
175,1191,Grantville,1191.0,20663.0,20663.0,0.0,,32.790352-117.104448,0.0,32.790352,-117.104448,In process,1.0,1.0,2017-04-01T20:45:00,Pothole,Pothole,Assigned
176,1219,San Diego,1219.0,21534.0,21534.0,0.0,,32.55866554960819-116.93604020996099,0.0,32.5586655496,-116.93604021,In process,1.0,0.0,2017-03-30T09:37:00,Pothole,Pothole,Assigned
177,1235,Pacific Beach,1235.0,22057.0,22057.0,0.0,,32.79357438232405-117.2332041423038,0.0,32.7935743823,-117.233204142,In process,1.0,0.0,2017-03-28T21:08:00,Pothole,Pothole,Assigned
178,1248,South Park,1248.0,22572.0,22572.0,0.0,,32.72907447072932-117.1287611873049,0.0,32.7290744707,-117.12876118700001,In process,1.0,0.0,2017-03-27T15:38:00,Pothole,Pothole,Assigned
179,1265,Pacific Beach,1265.0,22692.0,22692.0,0.0,,32.810043-117.2479,0.0,32.810043,-117.2479,In process,1.0,0.0,2017-03-27T12:17:00,Pothole,Pothole,Assigned
180,1298,Kearny Mesa,1298.0,23918.0,23918.0,0.0,,32.81720380587127-117.1532028164671,0.0,32.8172038059,-117.153202816,In process,1.0,0.0,2017-03-23T14:11:00,Pothole,Pothole,Assigned
181,1341,Clairemont Mesa West,1341.0,24865.0,24865.0,0.0,,32.80908910008714-117.17958554990149,0.0,32.8090891001,-117.17958555,In process,1.0,0.0,2017-03-21T13:42:00,Pothole,Pothole,Assigned
182,1384,Clairemont Mesa West,1384.0,26215.0,26215.0,0.0,,32.81792775730865-117.1813278739501,0.0,32.8179277573,-117.18132787399999,In process,1.0,1.0,2017-03-17T14:36:00,Pothole,Pothole,Assigned
183,1394,Linda Vista,1394.0,26522.0,26522.0,0.0,,32.78645257934256-117.1705558710891,0.0,32.7864525793,-117.170555871,In process,1.0,1.0,2017-03-16T19:25:00,Pothole,Pothole,Assigned
184,1395,Normal Heights,1395.0,26571.0,26571.0,0.0,,32.76286246486386-117.12217128413079,0.0,32.762862464899996,-117.12217128399999,In process,1.0,0.0,2017-03-16T17:23:00,Pothole,Pothole,Assigned
185,1398,Lake Murray,1398.0,26654.0,26654.0,0.0,,32.796988-117.01885500000003,0.0,32.796988,-117.018855,In process,1.0,0.0,2017-03-16T15:16:00,Pothole,Pothole,Assigned
186,1399,Normal Heights,1399.0,26683.0,26683.0,0.0,,32.76662980094583-117.11574746246073,0.0,32.7666298009,-117.115747462,In process,1.0,0.0,2017-03-16T14:18:00,Pothole,Pothole,Assigned
187,1414,Hillcrest,1414.0,26954.0,26954.0,0.0,,32.74114940537356-117.1483966009747,0.0,32.7411494054,-117.148396601,In process,1.0,0.0,2017-03-15T17:44:00,Pothole,Pothole,Assigned
188,1431,Pacific Beach,1431.0,27387.0,27387.0,0.0,,32.80136369192364-117.22961533074346,0.0,32.8013636919,-117.229615331,In process,1.0,1.0,2017-03-14T17:41:00,Pothole,Pothole,Assigned
189,1450,Serra Mesa,1450.0,27945.0,27945.0,0.0,,32.789762-117.144854,0.0,32.789761999999996,-117.14485400000001,In process,1.0,1.0,2017-03-13T13:02:00,Pothole,Pothole,Assigned
190,1499,Pacific Beach,1499.0,29254.0,29254.0,0.0,,32.795462124316465-117.25125517937326,0.0,32.795462124299995,-117.251255179,In process,1.0,0.0,2017-03-09T13:28:00,Pothole,Pothole,Assigned
191,1516,Grantville,1516.0,29614.0,29614.0,0.0,,32.791441608870805-117.09817891403242,0.0,32.7914416089,-117.098178914,In process,1.0,0.0,2017-03-08T16:11:00,Pothole,Pothole,Assigned
192,1518,Golden Hill,1518.0,29632.0,29632.0,0.0,,32.71697230000001-117.1231368,0.0,32.7169723,-117.1231368,In process,1.0,0.0,2017-03-08T15:31:00,Pothole,Pothole,Assigned
193,1550,Tierrasanta,1550.0,30294.0,30294.0,0.0,,32.82814756048075-117.10362462921142,0.0,32.8281475605,-117.103624629,In process,1.0,1.0,2017-03-07T09:02:00,Pothole,Pothole,Assigned
194,1565,Bay Ho,1565.0,30631.0,30631.0,0.0,,32.823061086268-117.2154297308225,0.0,32.8230610863,-117.215429731,In process,1.0,0.0,2017-03-06T12:24:00,Pothole,Pothole,Assigned
195,1578,Miramar,1578.0,30843.0,30843.0,0.0,,32.8918286-117.11876719999998,0.0,32.891828600000004,-117.11876720000001,In process,1.0,0.0,2017-03-06T06:53:00,Pothole,Pothole,Assigned
196,1592,La Jolla Alta,1592.0,31226.0,31226.0,0.0,,32.82079756872931-117.24076556893854,0.0,32.8207975687,-117.24076556899999,In process,1.0,0.0,2017-03-04T16:49:00,Pothole,Pothole,Assigned
197,1606,Bay Ho,1606.0,31414.0,31414.0,0.0,,32.81583349689172-117.210803423186,0.0,32.8158334969,-117.21080342299999,In process,1.0,0.0,2017-03-04T09:16:00,Pothole,Pothole,Assigned
198,1608,North Park,1608.0,31520.0,31520.0,0.0,,32.74102744022852-117.12289398418031,0.0,32.7410274402,-117.122893984,In process,1.0,0.0,2017-03-03T17:46:00,Pothole,Pothole,Assigned
199,1618,Jamacha Lomita,1618.0,31808.0,31808.0,0.0,,32.71807854532517-117.0254706592458,0.0,32.7180785453,-117.02547065899999,In process,1.0,0.0,2017-03-03T09:21:00,Pothole,Pothole,Assigned
200,1622,La Jolla,1622.0,31988.0,31988.0,0.0,,32.87465013739178-117.2336596007496,0.0,32.874650137399996,-117.233659601,In process,1.0,0.0,2017-03-02T18:06:00,Pothole,Pothole,Acknowledged
201,1624,Mission Valley West,1624.0,32026.0,32026.0,0.0,,32.7593592927165-117.189996270572,0.0,32.7593592927,-117.189996271,In process,1.0,1.0,2017-03-02T17:03:00,Pothole,Pothole,Assigned
202,1643,La Jolla,1643.0,32793.0,32793.0,0.0,,32.907937-117.242777,0.0,32.907937,-117.242777,In process,1.0,1.0,2017-03-01T10:13:00,Pothole,Pothole,Assigned
203,1647,Pacific Beach,1647.0,32870.0,32870.0,0.0,,32.79297902251854-117.2358767968763,0.0,32.7929790225,-117.235876797,In process,1.0,0.0,2017-03-01T08:45:00,Pothole,Pothole,Assigned
204,1666,Rancho Penasquitos,1666.0,33243.0,33243.0,0.0,,32.96788569565674-117.09488983075161,0.0,32.967885695700005,-117.094889831,In process,1.0,0.0,2017-02-28T13:38:00,Pothole,Pothole,Assigned
205,1670,North Park,1670.0,33388.0,33388.0,0.0,,32.750335-117.130169,0.0,32.750335,-117.130169,In process,1.0,0.0,2017-02-28T10:13:00,Pothole,Pothole,Assigned
206,1710,Kearny Mesa,1710.0,35071.0,35071.0,0.0,,32.832657-117.153268,0.0,32.832657,-117.153268,In process,1.0,0.0,2017-02-23T09:46:00,Pothole,Pothole,Assigned
207,1725,Ocean Beach,1725.0,35804.0,35804.0,0.0,,32.73663444553708-117.25537330452259,0.0,32.7366344455,-117.255373305,In process,1.0,0.0,2017-02-21T14:40:00,Pothole,Pothole,Assigned
208,1737,Clairemont Mesa East,1737.0,36315.0,36315.0,0.0,,32.822479-117.18351,0.0,32.822479,-117.18351000000001,In process,1.0,0.0,2017-02-20T13:36:00,Pothole,Pothole,Assigned
209,1752,Pacific Beach,1752.0,36744.0,36744.0,0.0,,32.798255-117.257203,0.0,32.798255,-117.257203,In process,1.0,0.0,2017-02-19T10:04:00,Pothole,Pothole,Assigned
210,1753,College East,1753.0,36864.0,36864.0,0.0,,32.76978760000001-117.04759308227847,0.0,32.7697876,-117.047593082,In process,1.0,0.0,2017-02-18T16:05:00,Pothole,Pothole,Assigned
211,1799,Pacific Beach,1799.0,38575.0,38575.0,0.0,,32.808658-117.2196179,0.0,32.808658,-117.2196179,In process,1.0,0.0,2017-02-14T10:37:00,Pothole,Pothole,Assigned
212,1800,El Cerrito,1800.0,38637.0,38637.0,0.0,,32.754749-117.074403,0.0,32.754749,-117.074403,In process,1.0,0.0,2017-02-14T08:34:00,Pothole,Pothole,Assigned
213,1835,Loma Heights,1835.0,39813.0,39813.0,0.0,,32.7418548-117.22203360000003,0.0,32.7418548,-117.22203359999999,In process,1.0,0.0,2017-02-10T14:49:00,Pothole,Pothole,Assigned
214,1864,Hidden Valley,1864.0,40748.0,40748.0,0.0,,32.841443826749206-117.25142336781454,0.0,32.8414438267,-117.25142336799999,In process,1.0,0.0,2017-02-08T10:45:00,Pothole,Pothole,Assigned
215,1885,University City,1885.0,41202.0,41202.0,0.0,,32.8703726415206-117.22084888893038,0.0,32.8703726415,-117.220848889,In process,1.0,0.0,2017-02-07T09:18:00,Pothole,Pothole,Assigned
216,1895,Midway District,1895.0,41624.0,41624.0,0.0,,32.74978279999999-117.20589419999999,0.0,32.7497828,-117.2058942,In process,1.0,0.0,2017-02-05T20:26:00,Pothole,Pothole,Assigned
217,1925,Pacific Beach,1925.0,42672.0,42672.0,0.0,,32.802712-117.215386,0.0,32.802712,-117.21538600000001,In process,1.0,0.0,2017-02-02T14:00:00,Pothole,Pothole,Assigned
218,1932,Encanto,1932.0,42838.0,42838.0,0.0,,32.7113028002284-117.05358533782959,0.0,32.7113028002,-117.05358533799999,In process,1.0,0.0,2017-02-02T09:16:00,Pothole,Pothole,Assigned
219,1934,Barrio Logan,1934.0,42871.0,42871.0,0.0,,32.6927922013687-117.13584294782311,0.0,32.692792201399996,-117.13584294799999,In process,1.0,0.0,2017-02-02T08:26:00,Pothole,Pothole,Assigned
220,1946,Clairemont Mesa East,1946.0,43373.0,43373.0,0.0,,32.82528753981486-117.18304443462357,0.0,32.8252875398,-117.183044435,In process,1.0,1.0,2017-02-01T08:13:00,Pothole,Pothole,Assigned
221,1948,Little Italy,1948.0,43426.0,43426.0,0.0,,32.72603326234886-117.17056682513123,0.0,32.7260332623,-117.170566825,In process,1.0,1.0,2017-02-01T06:08:00,Pothole,Pothole,Assigned
222,1977,Kearny Mesa,1977.0,44248.0,44248.0,0.0,,32.83283-117.159273,0.0,32.83283,-117.159273,In process,1.0,0.0,2017-01-30T10:13:00,Pothole,Pothole,Assigned
223,1980,Rancho Penasquitos,1980.0,44285.0,44285.0,0.0,,32.95982712367483-117.11627289241515,0.0,32.9598271237,-117.11627289200001,In process,1.0,0.0,2017-01-30T09:20:00,Pothole,Pothole,Assigned
224,2010,Mira Mesa,2010.0,44645.0,44645.0,0.0,,32.911346-117.137049,0.0,32.911346,-117.137049,In process,1.0,1.0,2017-01-29T12:33:00,Pothole,Pothole,Assigned
225,2067,Miramar,2067.0,45622.0,45622.0,0.0,,32.89685470553933-117.13636903686523,0.0,32.896854705500004,-117.13636903700001,In process,1.0,0.0,2017-01-27T09:47:00,Pothole,Pothole,Assigned
226,2100,Kearny Mesa,2100.0,46290.0,46290.0,0.0,,32.827247-117.148857,0.0,32.827247,-117.148857,In process,1.0,1.0,2017-01-26T09:59:00,Pothole,Pothole,Assigned
227,2136,Pacific Beach,2136.0,46999.0,46999.0,0.0,,32.80006328820483-117.2304474294748,0.0,32.8000632882,-117.230447429,In process,1.0,0.0,2017-01-25T10:53:00,Pothole,Pothole,Assigned
228,2182,Encanto,2182.0,47872.0,47872.0,0.0,,32.7101856-117.0639945,0.0,32.7101856,-117.0639945,In process,1.0,0.0,2017-01-24T11:31:00,Pothole,Pothole,Assigned
229,2184,Pacific Beach,2184.0,47900.0,47900.0,0.0,,32.78731472466786-117.23460346843495,0.0,32.787314724699996,-117.23460346799999,In process,1.0,0.0,2017-01-24T11:18:00,Pothole,Pothole,Assigned
230,2217,Mira Mesa,2217.0,48459.0,48459.0,0.0,,32.917335-117.12097,0.0,32.917334999999994,-117.12097,In process,1.0,1.0,2017-01-23T16:31:00,Pothole,Pothole,Assigned
231,2225,Morena,2225.0,48631.0,48631.0,0.0,,32.767020909757534-117.19037793610634,0.0,32.7670209098,-117.190377936,In process,1.0,0.0,2017-01-23T12:15:00,Pothole,Pothole,Assigned
232,2250,San Pasqual,2250.0,49298.0,49298.0,0.0,,33.088492-117.021502,0.0,33.088491999999995,-117.021502,In process,1.0,0.0,2017-01-22T09:32:00,Pothole,Pothole,Assigned
233,2254,Clairemont Mesa East,2254.0,49506.0,49506.0,0.0,,32.8263955749877-117.1831319947887,0.0,32.826395575,-117.183131995,In process,1.0,0.0,2017-01-21T15:26:00,Pothole,Pothole,Assigned
234,2259,Mira Mesa,2259.0,49685.0,49685.0,0.0,,32.92157-117.1357333333333,0.0,32.92157,-117.13573333299999,In process,1.0,0.0,2017-01-21T10:28:00,Pothole,Pothole,Assigned
235,2280,Clairemont Mesa West,2280.0,50411.0,50411.0,0.0,,32.801212-117.185136,0.0,32.801212,-117.18513600000001,In process,1.0,0.0,2017-01-20T07:39:00,Pothole,Pothole,Assigned
236,2282,Mira Mesa,2282.0,50443.0,50443.0,0.0,,32.928856-117.15839,0.0,32.928856,-117.15839,In process,1.0,0.0,2017-01-19T21:17:00,Pothole,Pothole,Assigned
237,2312,Kearny Mesa,2312.0,51105.0,51105.0,0.0,,32.83290300670608-117.1310248466912,0.0,32.8329030067,-117.131024847,In process,1.0,0.0,2017-01-18T11:40:00,Pothole,Pothole,Assigned
238,2328,Clairemont Mesa East,2328.0,51701.0,51701.0,0.0,,32.80434144663886-117.1618251131076,0.0,32.8043414466,-117.16182511299999,In process,1.0,0.0,2017-01-17T09:34:00,Pothole,Pothole,Assigned
239,2347,Loma Portal,2347.0,52236.0,52236.0,0.0,,32.75646250698041-117.2252346296955,0.0,32.756462506999995,-117.22523463,In process,1.0,1.0,2017-01-15T18:50:00,Pothole,Pothole,Assigned
240,2383,Del Cerro,2383.0,53512.0,53512.0,0.0,,32.78157726539703-117.06363635606692,0.0,32.7815772654,-117.063636356,In process,1.0,1.0,2017-01-12T11:30:00,Pothole,Pothole,Assigned
241,2392,Core-Columbia,2392.0,53847.0,53847.0,0.0,,32.71598664346577-117.164676371921,0.0,32.715986643499996,-117.164676372,In process,1.0,0.0,2017-01-11T13:49:00,Pothole,Pothole,Assigned
242,2394,University City,2394.0,53910.0,53910.0,0.0,,32.876141086546276-117.21830204550781,0.0,32.8761410865,-117.218302046,In process,1.0,0.0,2017-01-11T11:41:00,Pothole,Pothole,Assigned
243,2572,Montsou√©,2572.0,,,,,,,,,,,,,,,
244,4972,Hillcrest,2399.0,53996.0,53996.0,0.0,,32.74646492228329-117.14633381097565,0.0,32.7464649223,-117.146333811,In process,1.0,0.0,2017-01-11T09:22:00,Pothole,Pothole,Assigned
245,4987,Cortez,2414.0,54601.0,54601.0,0.0,,32.7199041-117.1593048,0.0,32.7199041,-117.1593048,In process,1.0,0.0,2017-01-10T12:10:00,Pothole,Pothole,Assigned
246,5005,University Heights,2432.0,54960.0,54960.0,0.0,,32.768535481921646-117.14143304748546,0.0,32.7685354819,-117.141433047,In process,1.0,1.0,2017-01-09T23:07:00,Pothole,Pothole,Assigned
247,5031,Mission Valley East,2458.0,55614.0,55614.0,0.0,,32.76701553337276-117.1577230045171,0.0,32.7670155334,-117.157723005,In process,1.0,1.0,2017-01-08T07:47:00,Pothole,Pothole,Assigned
248,5059,Clairemont Mesa East,2486.0,57385.0,57385.0,0.0,,32.82573311028615-117.18454822326181,0.0,32.8257331103,-117.184548223,In process,1.0,0.0,2017-01-02T11:37:00,Pothole,Pothole,Assigned
249,5098,Hillcrest,2525.0,60229.0,60229.0,0.0,,32.7501297449112-117.1580371549148,0.0,32.7501297449,-117.158037155,In process,1.0,1.0,2016-12-20T15:45:00,Pothole,Pothole,Assigned
250,5107,Clairemont Mesa West,2534.0,60949.0,60949.0,0.0,,32.80306886418983-117.1783486941058,0.0,32.8030688642,-117.178348694,In process,1.0,0.0,2016-12-16T18:16:00,Pothole,Pothole,Assigned
251,5112,Del Cerro,2539.0,62399.0,62399.0,0.0,,32.783364-117.061883,0.0,32.783364,-117.06188300000001,In process,1.0,0.0,2016-12-09T23:10:00,Pothole,Pothole,Assigned
252,5118,La Playa,2545.0,64295.0,64295.0,0.0,,32.7191789-117.234714,0.0,32.719178899999996,-117.234714,In process,1.0,0.0,2016-12-02T09:28:00,Pothole,Pothole,Assigned
253,5122,Miramar Ranch North,2549.0,65539.0,65539.0,0.0,,32.93500173840014-117.0886840392995,0.0,32.935001738400004,-117.088684039,In process,1.0,0.0,2016-11-26T12:53:00,Pothole,Pothole,Assigned
254,5127,La Jolla Shores,2554.0,69840.0,69840.0,0.0,,32.8550899-117.2555848,0.0,32.855089899999996,-117.2555848,In process,1.0,0.0,2016-11-04T09:44:00,Pothole,Pothole,Assigned
255,5128,Kensington,2555.0,70921.0,70921.0,0.0,,32.76452364728704-117.098880125209,0.0,32.7645236473,-117.098880125,In process,1.0,0.0,2016-10-30T10:50:00,Pothole,Pothole,Assigned
256,5131,Loma Portal,2558.0,73676.0,73676.0,0.0,,32.75590449771817-117.22239284439081,0.0,32.7559044977,-117.222392844,In process,1.0,0.0,2016-10-14T19:56:00,Pothole,Pothole,Assigned
257,5134,Serra Mesa,2561.0,76245.0,76245.0,0.0,,32.78012843709192-117.1330131849759,1.0,32.780128437100004,-117.133013185,In process,1.0,1.0,2016-10-01T14:55:00,Pothole,Pothole,Acknowledged
258,5141,La Jolla Heights,2568.0,91511.0,91511.0,0.0,,32.84698291219105-117.2443096620191,0.0,32.8469829122,-117.244309662,In process,1.0,0.0,2016-07-13T17:47:00,Pothole,Pothole,Assigned
