,LAT,LONG
0,32.8542031,-117.2556222
1,32.7707475,-117.0844344
2,32.8938185,-117.1200046
3,32.7552964,-117.1157874
4,32.7591142,-117.1425627
5,32.7099895,-117.0862357
6,32.7871498,-117.2535593
7,32.784943,-117.1104113
8,32.8935909,-117.1337958
9,32.7781648,-117.1006223
10,32.9216753,-117.0626265
11,32.5674627,-116.9191861
12,32.7971681,-117.0281915
13,32.7198909,-117.1611006
14,32.8025048,-117.0449593
15,32.8203571,-117.1734488
16,32.5569045,-116.9360331
17,32.790788,-117.1667295
18,32.7150692,-117.0936033
19,32.717752,-117.14047
20,32.5683077,-116.9968681
21,1.0,1.0
22,32.7929654,-117.0938318
23,32.9053333,-117.1460647
24,32.7487286,-117.0793715
25,32.5602628,-116.935905
26,32.8791337,-117.1625181
27,32.7732915,-117.0466714
28,32.7498946,-117.172295
29,32.817787,-117.175392
30,32.7497301,-117.1143694
31,32.6934747,-117.0492876
32,32.7566451,-117.0879223
33,32.7488319,-117.2414188
34,32.8938185,-117.1200046
35,32.7309744,-117.2237213
36,32.7359246,-117.079677
37,32.5565461,-116.9376464
38,32.8203555,-117.1715234
39,32.79781670000001,-117.2402422
40,32.9024762,-117.2213975
41,32.8025192,-117.1342908
42,32.7272059,-117.1594185
43,32.6893145,-117.0253122
44,32.7469738,-117.1595248
45,32.7422065,-117.2497754
46,32.7334878,-117.1602964
47,32.8970266,-117.1233735
48,32.7170338,-117.1578383
49,1.0,1.0
50,32.7131505,-117.0654694
51,32.7012917,-117.1103666
52,32.70183120000001,-117.1467548
53,32.7191654,-117.0590451
54,32.7188659,-117.1547422
55,32.7996697,-117.013183
56,32.5733739,-117.0540188
57,32.7496291,-117.1093174
58,32.7499548,-117.1650448
59,32.7336928,-117.2325127
60,32.9206881,-117.1316998
61,32.799793,-117.240852
62,32.8724522,-117.2141439
63,32.8737755,-117.2097834
64,32.7552009,-117.1425485
65,32.807529,-117.237343
66,32.82550010000001,-117.1274051
67,32.7196785,-117.2318538
68,32.7531422,-117.0954767
69,32.7902958,-117.2091776
70,32.748367,-117.1583926
71,32.6991027,-117.1273168
72,32.7541112,-117.2137637
73,32.7493995,-117.2488843
74,32.7551936,-117.1008364
75,32.7792354,-117.1342339
76,32.5678688,-116.9667018
77,32.7466371,-117.1677439
78,32.75488130000001,-117.0794553
79,32.7552129,-117.1388452
80,32.7538302,-117.2178891
81,32.8673985,-117.197007
82,32.8360215,-117.1523321
83,32.7509836,-117.2423261
84,32.8335294,-117.182733
85,32.9173235,-117.1204832
86,32.5582581,-117.0445238
87,32.7571642,-117.1141743
88,32.9267371,-117.1247306
89,32.9128883,-117.1242697
90,32.7109108,-117.0580697
91,32.8969082,-117.1362829
92,32.7062872,-117.1503415
93,32.7572219,-117.1189943
94,32.7257288,-117.2213763
95,32.7115285,-117.1637652
96,32.7442502,-117.0536478
97,32.7114229,-117.0949682
98,32.7588307,-117.0663559
99,32.7894639,-117.1087928
100,32.9763772,-117.0832971
101,32.746202,-117.2436798
102,32.7713263,-117.1858445
103,32.7516695,-117.2350962
104,32.7035381,-117.0365513
105,32.7041688,-117.1056189
106,32.7518758,-117.1616778
107,32.7371064,-117.0922623
108,32.5570249,-116.9604189
109,32.8714036,-117.218203
110,32.7540813,-117.1301791
111,32.6887526,-117.105949
112,32.9066402,-117.1771244
113,32.7344983,-117.233
114,32.6923469,-117.1145607
115,32.5683077,-116.9968681
116,32.5736247,-117.0454409
117,32.824142,-117.19371
118,32.7332071,-117.0808625
119,32.7447325,-117.2476001
120,32.8327575,-117.1435689
121,32.7188538,-117.1592903
122,32.7430861,-117.2106515
123,32.9634654,-117.136961
124,32.7927511,-117.254304
125,32.74110570000001,-117.1314548
126,32.7364609,-117.2373595
127,32.6928022,-117.1336569
128,32.7742032,-117.0977509
129,32.7231753,-117.2304312
130,32.7827648,-117.2366369
131,32.777056,-117.1582509
132,32.7125448,-117.1692214
133,1.0,1.0
134,32.943402,-117.2329036
135,32.9179181,-117.1525135
136,32.7105272,-117.0611905
137,32.9612539,-117.1976542
138,32.7427549,-117.1818845
139,32.93131839999999,-117.1494242
140,32.9527523,-117.2289956
141,32.7583934,-117.1972671
142,32.7845387,-117.2379906
143,32.7136676,-117.1503754
144,32.747818,-117.252617
145,32.7447325,-117.2476001
146,32.7040962,-117.0849183
147,32.7004549,-117.0937367
148,32.7523379,-117.2039196
149,32.7552129,-117.1388452
150,32.9654834,-117.1199158
151,32.715023,-117.0850255
152,32.84549,-117.250748
153,32.7503613,-117.1252304
154,32.735802,-117.2196036
155,32.7488319,-117.2414188
156,1.0,1.0
157,32.79781670000001,-117.2402422
158,33.0117289,-117.0912438
159,32.7515847,-117.2049385
160,32.8373235,-117.0927195
161,32.7175952,-117.0773065
162,32.7484214,-117.1437388
163,32.8501001,-117.2558394
164,32.8491786,-117.1994352
165,32.879932,-117.1597633
166,32.7913259,-117.1630461
167,32.7430861,-117.2106515
168,32.9068396,-117.1458945
169,32.8204597,-117.1670842
170,32.7875453,-117.0643935
171,32.8205753,-117.2338784
172,32.7944506,-117.1942593
173,32.82860429999999,-117.1933197
174,32.7583934,-117.1972671
175,32.7251318,-117.1611527
176,32.7208979,-117.1638397
177,32.7557649,-117.0943712
178,32.5790907,-117.0230721
179,32.672189,-117.0522062
180,32.7643968,-117.1540622
181,32.7456002,-117.1260827
182,32.7402517,-117.1010203
183,32.82909679999999,-117.1488285
184,32.8019358,-117.2356143
185,32.7262084,-117.2278524
186,32.56826,-117.0772499
187,32.9775607,-117.090327
188,32.9027456,-117.1241047
189,32.9066402,-117.1771244
190,32.9371404,-117.1129372
191,32.8724522,-117.2141439
192,32.7965613,-117.2554747
193,33.0343426,-117.0900395
194,32.9230757,-117.0590582
195,32.8618332,-117.2252948
196,32.8501569,-117.2515517
197,32.7974138,-117.2421054
198,32.7541112,-117.2137637
199,32.7725717,-117.1573225
200,32.7489594,-117.1534635
201,32.8199606,-117.1491154
202,32.685497,-117.115356
203,32.8056007,-117.2210519
204,32.5507893,-117.0390916
205,32.8346776,-117.1638792
206,32.710475,-117.1619649
207,32.712592,-117.022582
208,32.8014657,-117.2253112
209,32.7656334,-117.2512162
210,32.8095824,-117.1444885
211,32.5522555,-117.0445698
212,32.8348788,-117.1488751
213,32.7629004,-117.1302137
214,32.90699439999999,-117.1741806
215,32.6994312,-117.0284787
216,32.6927555,-117.0734655
217,32.9438272,-117.0916511
218,33.0203331,-117.0748132
219,32.7487286,-117.0793715
220,32.8024321,-117.21189
221,32.8203555,-117.1715234
222,32.7690841,-117.0677998
223,32.9068396,-117.1458945
224,32.7488678,-117.0725705
225,32.7223516,-117.13021
226,32.7295411,-117.1736588
227,32.7497713,-117.1192948
228,32.7319007,-117.1285843
229,32.7522251,-117.1276931
230,32.8218864,-117.1488236
231,32.7531422,-117.0954767
232,32.739397,-117.2278064
233,33.0203522,-117.0749353
234,32.686657,-117.117027
235,32.7318501,-117.129469
236,32.7366063,-117.1603356
237,32.7381452,-117.0581881
238,32.7251318,-117.1611527
239,32.722641,-117.094346
240,32.7520664,-117.14927
241,32.7495906,-117.2060193
242,32.8049404,-117.1752608
243,32.9055523,-117.181056
244,32.7495906,-117.2060193
245,32.8327575,-117.1435689
246,32.8775914,-117.178402
247,32.9517395,-117.2394244
248,32.7516695,-117.2350962
249,32.8976403,-117.1025678
250,32.8029154,-117.2163566
251,32.5890979,-117.0238654
252,32.7982267,-117.2383824
253,32.74847070000001,-117.1292304
254,32.798172,-117.248177
255,32.750374,-117.2081684
256,32.6959788,-117.1273008
257,32.8178119,-117.0938091
258,32.800999,-117.235336
259,32.8315307,-117.1384621
260,32.808173,-117.0120835
261,32.7364857,-117.1752805
262,32.8741084,-117.2073531
263,32.7899409,-117.1675537
264,32.7041439,-117.096893
265,32.9024762,-117.2213975
266,32.7156815,-117.1555951
267,32.7487286,-117.0793715
268,32.8169798,-117.0595935
269,32.7495816,-117.1110905
270,32.9261494,-117.0929134
271,32.7836628,-117.197748
272,32.9053333,-117.1460647
273,32.7590305,-117.1178909
274,32.8161792,-117.1598015
275,32.7240323,-117.0779226
276,32.7720868,-117.2512831
277,32.7552129,-117.1388452
278,33.0002607,-117.0867445
279,32.757211,-117.1179326
280,32.8937964,-117.1234396
281,32.7817663,-117.1104461
282,32.7998144,-117.2330084
283,32.7833848,-117.1718042
284,32.7629004,-117.1302137
285,32.7313571,-117.1666568
286,32.7004549,-117.0937367
287,33.025234,-117.0599992
288,32.7552098,-117.1039985
289,32.9182424,-117.1258808
290,32.7188763,-117.155663
291,32.7351734,-117.1010971
292,32.7157541,-117.1503981
293,32.7656334,-117.2512162
294,32.8315307,-117.1384621
295,32.7483346,-117.15952
296,32.7136145,-117.1610581
297,32.8313852,-117.2546967
298,32.86631190000001,-117.2432214
299,32.8090582,-117.2076584
300,32.7912978,-117.1978976
301,32.8191649,-117.2761176
302,32.5657662,-117.0436054
303,32.7496593,-117.1056954
304,32.7566451,-117.0879223
305,32.7115188,-117.1503593
306,32.7147769,-117.1402822
307,32.8205808,-117.1671252
308,32.7495906,-117.2060193
309,32.7592493,-117.1742641
310,32.9222272,-117.228553
311,32.8077426,-117.1582193
312,32.9417387,-117.1203291
313,32.784855,-117.20668
314,32.9125062,-117.149211
315,32.5542298,-116.9278323
316,32.83438270000001,-117.1977437
317,32.7770528,-117.1323171
318,32.7611986,-117.2321581
319,32.753862,-117.2025256
320,32.8820012,-117.156174
321,32.7537856,-117.1649862
322,32.7552016,-117.1437718
323,32.8882253,-117.1454568
324,32.7421539,-117.0923409
325,32.8935909,-117.1337958
326,32.8737755,-117.2097834
327,32.9005734,-117.2076307
328,33.0051686,-117.0924771
329,32.7966321,-117.1608042
330,32.6645495,-117.0612373
331,32.7474144,-117.127164
332,1.0,1.0
333,32.7014469,-117.0695709
334,1.0,1.0
335,32.832566,-117.1638388
336,32.7199041,-117.1593048
337,32.7982267,-117.2383824
338,32.7836947,-117.2526938
339,32.8022028,-117.2298558
340,32.7632912,-117.1111323
341,32.715964,-117.160019
342,32.9899308,-117.0851458
343,32.7725717,-117.1573225
344,32.8199809,-117.1549836
345,33.0186464,-117.0608513
346,32.7590305,-117.1178909
347,1.0,1.0
348,32.8938185,-117.1200046
349,32.8134795,-117.1525877
350,32.980971,-117.2483354
351,32.8936947,-117.1183605
352,32.7379953,-117.1344041
353,32.8049404,-117.1752608
354,32.9469527,-117.0782323
355,32.6967457,-117.0851619
356,32.7662296,-117.1836543
357,32.7572784,-117.1351377
358,32.7899409,-117.1675537
359,32.7469609,-117.1604049
360,1.0,1.0
361,32.7040962,-117.0849183
362,32.6918518,-117.1245312
363,32.7963273,-117.2476232
364,32.7943542,-117.2559424
365,32.7106077,-117.2487194
366,32.8047135,-117.2241486
367,32.5838324,-117.0619883
368,32.7912978,-117.1978976
369,32.7583197,-117.0761142
370,32.9230757,-117.0590582
371,32.9126209,-117.1439594
372,32.7484214,-117.1437388
373,32.7927775,-117.080675
374,32.669078,-117.0490525
375,32.8222396,-117.1248803
376,32.8857864,-117.2439582
377,32.8813497,-117.2436898
378,32.7834543,-117.1721148
379,33.0226829,-117.0700909
380,32.8003183,-117.242973
381,32.8199606,-117.1491154
382,1.0,1.0
383,32.7496349,-117.1106601
384,32.800072,-117.235046
385,32.7190673,-117.0531963
386,32.7177981,-117.1592989
387,32.8280834,-117.2420803
388,32.8180707,-117.2115448
389,32.7386038,-117.1346259
390,32.79781670000001,-117.2402422
391,32.7926457,-117.1729209
392,32.73140050000001,-117.1594096
393,32.7104405,-117.1601364
394,32.7982267,-117.2383824
395,32.7833848,-117.1718042
396,32.691777,-117.1336419
397,32.5692031,-117.0636553
398,32.7609625,-117.1462661
399,32.8775914,-117.178402
400,32.8069556,-117.2151708
401,1.0,1.0
402,32.7487286,-117.0793715
403,32.7384766,-117.1082988
404,32.9629746,-117.1904527
405,32.7496349,-117.1106601
406,32.7495648,-117.0944407
407,32.687798,-117.118713
408,32.7531522,-117.0976227
409,32.7670728,-117.0967989
410,32.727559,-117.1274514
411,32.7579231,-117.079284
412,32.7014469,-117.0695709
413,32.8503203,-117.2550954
414,32.7168094,-117.0449693
415,32.7753645,-117.142695
416,32.7542924,-117.2219394
417,1.0,1.0
418,32.9631991,-117.1510815
419,32.7685795,-117.051498
420,32.8315307,-117.1384621
421,32.7469738,-117.1595248
422,1.0,1.0
423,32.737267,-117.2305981
424,32.813751,-117.18187
425,32.8786517,-117.1648778
426,32.8703037,-117.2337759
427,32.8099669,-117.2168597
428,32.7040962,-117.0849183
429,32.6960201,-117.1146214
430,32.7472846,-117.2454371
431,32.7589744,-117.1093658
432,32.9270577,-117.1293312
433,32.7587643,-117.0729028
434,32.9169117,-117.1114341
435,32.96351060000001,-117.0995504
436,32.7512271,-117.183452
437,32.6968281,-117.0980723
438,32.8308102,-117.2529143
439,32.5764314,-117.088434
440,32.7100343,-117.0710719
441,32.9341085,-117.0843722
442,33.0378316,-117.0606438
443,32.784535,-117.0856433
444,32.9144632,-117.1927212
445,32.7902958,-117.2091776
446,32.780156,-117.101638
447,32.5678688,-116.9667018
448,32.7322245,-117.2226479
449,32.71784,-117.1537019
450,32.7680903,-117.1539421
451,32.803977,-117.0460172
452,32.7667436,-117.187092
453,32.7458964,-117.1009476
454,33.102585,-117.0791683
455,32.89707130000001,-117.1269338
456,32.7611986,-117.2321581
457,32.7188393,-117.1601783
458,32.7531422,-117.0954767
459,32.7253967,-117.1690131
460,32.7587643,-117.0729028
461,32.8097639,-117.1053942
462,32.7157661,-117.1494884
463,32.9230757,-117.0590582
464,32.7484581,-117.1338729
465,32.7967323,-117.2457938
466,32.9618597,-117.2061042
467,32.7345769,-117.2537295
468,32.7485285,-117.1498856
469,32.7489731,-117.1998335
470,32.7540868,-117.1252312
471,32.7040632,-117.0814929
472,32.906356,-117.0719496
473,32.732433,-117.1612147
474,32.7422353,-117.1533691
475,32.8714036,-117.218203
476,32.7687143,-117.0492983
477,1.0,1.0
478,32.7195786,-117.1103727
479,32.7516671,-117.1883782
480,32.966438,-117.0996948
481,32.715964,-117.160019
482,32.832566,-117.1638388
483,32.6890466,-117.0464344
484,32.7035681,-117.0347186
485,32.9365608,-117.0962603
486,32.7177984,-117.0258986
487,32.8050417,-117.2584612
488,32.817796,-117.273142
489,32.799793,-117.240852
490,32.7442502,-117.0536478
491,32.5569045,-116.9360331
492,32.7374903,-117.2379749
493,32.9341085,-117.0843722
494,1.0,1.0
495,32.7442656,-117.1930211
496,32.8707924,-117.2235221
497,32.8676266,-117.2190701
498,32.8714036,-117.218203
499,32.801394,-117.2335118
500,32.8897601,-117.1427999
501,32.8193015,-117.1818048
502,32.748007,-117.2232315
503,32.8711076,-117.2434547
504,32.7902958,-117.2091776
505,1.0,1.0
506,32.5683077,-116.9968681
507,32.710992,-117.0312316
508,32.7735854,-117.1664766
509,32.7167737,-117.0935747
510,32.578762,-117.054077
511,32.7716354,-117.0700025
512,33.001554,-117.058196
513,32.723229,-117.1076182
514,32.7587643,-117.0729028
515,32.7984594,-117.1263094
516,32.7714757,-117.0615384
517,32.8506113,-117.2504902
518,32.9031889,-117.1449602
519,32.762058,-117.119213
520,32.7550923,-117.1061375
521,32.7670698,-117.1935023
522,32.7557649,-117.0943712
523,32.7572952,-117.1277095
524,32.583245,-117.0572437
525,32.70562330000001,-117.0825965
526,32.7425404,-117.2358412
527,32.7532021,-117.1029494
528,32.9875435,-117.090017
529,32.7564962,-117.0890035
530,32.7687143,-117.0492983
531,32.7125893,-117.1546773
532,32.763422,-117.2095979
533,32.5747191,-117.0299274
534,32.7229884,-117.1691763
535,32.7855939,-117.1688682
536,32.7014469,-117.0695709
537,32.7044475,-117.0850677
538,32.7136145,-117.1610581
539,32.8200752,-117.2040527
540,32.7974138,-117.2421054
541,32.8049404,-117.1752608
542,32.7633604,-117.1206457
543,32.7115179,-117.1065364
544,32.7464265,-117.1464287
545,32.7967963,-117.1538096
546,32.7088065,-117.0858381
547,32.9909178,-117.0708489
548,32.8199606,-117.1491154
549,32.7484611,-117.12644
550,32.7012101,-117.1251819
551,32.8125945,-117.0533087
552,32.8180813,-117.1776534
553,32.7495425,-117.0900016
554,32.8271316,-117.1629533
555,32.80669930000001,-117.0789629
556,32.7894639,-117.1087928
557,32.9607117,-117.1921198
558,32.7177099,-117.159162
559,32.7520664,-117.14927
560,32.8767789,-117.186318
561,32.7474236,-117.138979
562,32.7364857,-117.1752805
563,32.9367052,-117.0962191
564,32.9392915,-117.160228
565,32.5645194,-117.0252608
566,32.7997264,-117.09169
567,32.7052959,-117.1494385
568,32.7507396,-117.2385423
569,32.737267,-117.2305981
570,32.7495906,-117.2060193
571,32.7147769,-117.1402822
572,1.0,1.0
573,33.0330624,-117.0600727
574,32.8054046,-117.1629523
575,32.796963,-117.25367
576,32.7609772,-117.1450328
577,32.759097,-117.1462621
578,32.7950318,-117.2393825
579,32.8669297,-117.2134939
580,32.763422,-117.2095979
581,32.7248044,-117.2419841
582,32.7751633,-117.1737356
583,32.7455827,-117.24686
584,32.9319426,-117.1446802
585,32.8820012,-117.156174
586,32.8775914,-117.178402
587,32.7464265,-117.1464287
588,32.7126378,-117.1494626
589,32.7178363,-117.1485909
590,32.7520664,-117.14927
591,32.96273100000001,-117.1437413
592,32.7556294,-117.0954462
593,32.7497616,-117.1180585
594,32.8218334,-117.1566924
595,32.8315307,-117.1384621
596,32.7062903,-117.1528052
597,32.8969082,-117.1362829
598,32.8345927,-117.096136
599,32.75037690000001,-117.2212685
600,32.7437416,-117.2348145
601,32.7012498,-117.1168003
602,32.7126281,-117.1503655
603,32.7520664,-117.14927
604,32.719875,-117.1656084
605,32.7168114,-117.0827792
606,32.9024762,-117.2213975
607,32.9494014,-117.2567328
608,32.7414795,-117.1603739
609,32.7298787,-117.2191559
610,32.7552129,-117.1388452
611,32.9696845,-117.0813626
612,32.8709935,-117.2512354
613,32.7250413,-117.1735078
614,32.715023,-117.0850255
615,32.5837668,-117.0927049
616,32.7781648,-117.1006223
617,32.7652381,-117.1565627
618,32.7213172,-117.231201
619,32.9464163,-117.0902158
620,32.7903717,-117.2033244
621,32.965284,-117.0897005
622,32.705287,-117.1338755
623,32.797241,-117.247902
624,32.7485071,-117.123968
625,32.7350162,-117.2402002
626,32.9137479,-117.1429064
627,32.7104644,-117.1494443
628,32.7168187,-117.1495036
629,32.835865,-117.1370169
630,32.7498557,-117.1639174
631,1.0,1.0
632,1.0,1.0
633,1.0,1.0
634,1.0,1.0
635,1.0,1.0
636,1.0,1.0
637,1.0,1.0
638,1.0,1.0
639,1.0,1.0
640,1.0,1.0
641,1.0,1.0
642,1.0,1.0
643,1.0,1.0
644,1.0,1.0
645,1.0,1.0
646,1.0,1.0
647,1.0,1.0
648,1.0,1.0
649,1.0,1.0
650,1.0,1.0
651,1.0,1.0
652,1.0,1.0
653,1.0,1.0
654,1.0,1.0
655,1.0,1.0
656,1.0,1.0
657,1.0,1.0
658,1.0,1.0
659,1.0,1.0
660,1.0,1.0
661,1.0,1.0
662,1.0,1.0
663,1.0,1.0
664,1.0,1.0
665,1.0,1.0
666,1.0,1.0
667,1.0,1.0
668,1.0,1.0
669,1.0,1.0
670,1.0,1.0
671,1.0,1.0
672,1.0,1.0
673,1.0,1.0
674,1.0,1.0
675,1.0,1.0
676,1.0,1.0
677,1.0,1.0
678,1.0,1.0
679,1.0,1.0
680,1.0,1.0
681,1.0,1.0
682,1.0,1.0
683,1.0,1.0
684,1.0,1.0
685,1.0,1.0
686,1.0,1.0
687,1.0,1.0
688,1.0,1.0
689,1.0,1.0
690,1.0,1.0
691,1.0,1.0
692,1.0,1.0
693,1.0,1.0
694,1.0,1.0
695,1.0,1.0
696,1.0,1.0
697,1.0,1.0
698,1.0,1.0
699,1.0,1.0
700,1.0,1.0
701,1.0,1.0
702,1.0,1.0
703,1.0,1.0
704,1.0,1.0
705,1.0,1.0
706,1.0,1.0
707,1.0,1.0
708,1.0,1.0
709,1.0,1.0
710,1.0,1.0
711,1.0,1.0
712,1.0,1.0
713,1.0,1.0
714,1.0,1.0
715,1.0,1.0
716,1.0,1.0
717,1.0,1.0
718,1.0,1.0
719,1.0,1.0
720,1.0,1.0
721,1.0,1.0
722,1.0,1.0
723,1.0,1.0
724,1.0,1.0
725,1.0,1.0
726,1.0,1.0
727,1.0,1.0
728,1.0,1.0
729,1.0,1.0
730,1.0,1.0
731,1.0,1.0
732,1.0,1.0
733,1.0,1.0
734,1.0,1.0
735,1.0,1.0
736,1.0,1.0
737,1.0,1.0
738,1.0,1.0
739,1.0,1.0
740,1.0,1.0
741,1.0,1.0
742,1.0,1.0
743,1.0,1.0
744,1.0,1.0
745,1.0,1.0
746,1.0,1.0
747,1.0,1.0
748,1.0,1.0
749,1.0,1.0
750,1.0,1.0
751,1.0,1.0
752,1.0,1.0
753,1.0,1.0
754,1.0,1.0
755,1.0,1.0
756,1.0,1.0
757,1.0,1.0
758,1.0,1.0
759,1.0,1.0
760,1.0,1.0
761,1.0,1.0
762,1.0,1.0
763,1.0,1.0
764,1.0,1.0
765,1.0,1.0
766,1.0,1.0
767,1.0,1.0
768,1.0,1.0
769,1.0,1.0
770,1.0,1.0
771,1.0,1.0
772,1.0,1.0
773,1.0,1.0
774,1.0,1.0
775,1.0,1.0
776,1.0,1.0
777,1.0,1.0
778,1.0,1.0
779,1.0,1.0
780,1.0,1.0
781,1.0,1.0
782,1.0,1.0
783,1.0,1.0
784,1.0,1.0
785,1.0,1.0
786,1.0,1.0
787,1.0,1.0
788,1.0,1.0
789,1.0,1.0
790,1.0,1.0
791,1.0,1.0
792,1.0,1.0
793,1.0,1.0
794,1.0,1.0
795,1.0,1.0
796,1.0,1.0
797,1.0,1.0
798,1.0,1.0
799,1.0,1.0
800,1.0,1.0
801,1.0,1.0
802,1.0,1.0
803,1.0,1.0
804,1.0,1.0
805,1.0,1.0
806,1.0,1.0
807,1.0,1.0
808,1.0,1.0
809,1.0,1.0
810,1.0,1.0
811,1.0,1.0
812,1.0,1.0
813,1.0,1.0
814,1.0,1.0
815,1.0,1.0
816,1.0,1.0
817,1.0,1.0
818,1.0,1.0
819,1.0,1.0
820,1.0,1.0
821,1.0,1.0
822,1.0,1.0
823,1.0,1.0
824,1.0,1.0
825,1.0,1.0
826,1.0,1.0
827,1.0,1.0
828,1.0,1.0
829,1.0,1.0
830,1.0,1.0
831,1.0,1.0
832,1.0,1.0
833,1.0,1.0
834,1.0,1.0
835,1.0,1.0
836,1.0,1.0
837,1.0,1.0
838,1.0,1.0
839,1.0,1.0
840,1.0,1.0
841,1.0,1.0
842,1.0,1.0
843,1.0,1.0
844,1.0,1.0
845,1.0,1.0
846,1.0,1.0
847,1.0,1.0
848,1.0,1.0
849,1.0,1.0
850,1.0,1.0
851,1.0,1.0
852,1.0,1.0
853,1.0,1.0
854,1.0,1.0
855,1.0,1.0
856,1.0,1.0
857,1.0,1.0
858,1.0,1.0
859,1.0,1.0
860,1.0,1.0
861,1.0,1.0
862,1.0,1.0
863,1.0,1.0
864,1.0,1.0
865,1.0,1.0
866,1.0,1.0
867,1.0,1.0
868,1.0,1.0
869,1.0,1.0
870,1.0,1.0
871,1.0,1.0
872,1.0,1.0
873,1.0,1.0
874,1.0,1.0
875,1.0,1.0
876,1.0,1.0
877,1.0,1.0
878,1.0,1.0
879,1.0,1.0
880,1.0,1.0
881,1.0,1.0
882,1.0,1.0
883,1.0,1.0
884,1.0,1.0
885,1.0,1.0
886,1.0,1.0
887,1.0,1.0
888,1.0,1.0
889,1.0,1.0
890,1.0,1.0
891,1.0,1.0
892,1.0,1.0
893,1.0,1.0
894,1.0,1.0
895,1.0,1.0
896,1.0,1.0
897,1.0,1.0
898,1.0,1.0
899,1.0,1.0
900,1.0,1.0
901,1.0,1.0
902,1.0,1.0
903,1.0,1.0
904,1.0,1.0
905,1.0,1.0
906,1.0,1.0
907,1.0,1.0
908,1.0,1.0
909,1.0,1.0
910,1.0,1.0
911,1.0,1.0
912,1.0,1.0
913,1.0,1.0
914,1.0,1.0
915,1.0,1.0
916,1.0,1.0
917,1.0,1.0
918,1.0,1.0
919,1.0,1.0
920,1.0,1.0
921,1.0,1.0
922,1.0,1.0
923,1.0,1.0
924,1.0,1.0
925,1.0,1.0
926,1.0,1.0
927,1.0,1.0
928,1.0,1.0
929,1.0,1.0
930,1.0,1.0
931,1.0,1.0
932,1.0,1.0
933,1.0,1.0
934,1.0,1.0
935,1.0,1.0
936,1.0,1.0
937,1.0,1.0
938,1.0,1.0
939,1.0,1.0
940,1.0,1.0
941,1.0,1.0
942,1.0,1.0
943,1.0,1.0
944,1.0,1.0
945,1.0,1.0
946,1.0,1.0
947,1.0,1.0
948,1.0,1.0
949,1.0,1.0
950,1.0,1.0
951,1.0,1.0
952,1.0,1.0
953,1.0,1.0
954,1.0,1.0
955,1.0,1.0
956,1.0,1.0
957,1.0,1.0
958,1.0,1.0
959,1.0,1.0
960,1.0,1.0
961,1.0,1.0
962,1.0,1.0
963,1.0,1.0
964,1.0,1.0
965,1.0,1.0
966,1.0,1.0
967,1.0,1.0
968,1.0,1.0
969,1.0,1.0
970,1.0,1.0
971,1.0,1.0
972,1.0,1.0
973,1.0,1.0
974,1.0,1.0
975,1.0,1.0
976,1.0,1.0
977,1.0,1.0
978,1.0,1.0
979,1.0,1.0
980,1.0,1.0
981,1.0,1.0
982,1.0,1.0
983,1.0,1.0
984,1.0,1.0
985,1.0,1.0
986,1.0,1.0
987,1.0,1.0
988,1.0,1.0
989,1.0,1.0
990,1.0,1.0
991,1.0,1.0
992,1.0,1.0
993,1.0,1.0
994,1.0,1.0
995,1.0,1.0
996,1.0,1.0
997,1.0,1.0
998,1.0,1.0
999,1.0,1.0
1000,1.0,1.0
1001,1.0,1.0
1002,1.0,1.0
1003,1.0,1.0
1004,1.0,1.0
1005,1.0,1.0
1006,1.0,1.0
1007,1.0,1.0
1008,1.0,1.0
1009,1.0,1.0
1010,1.0,1.0
1011,1.0,1.0
1012,1.0,1.0
1013,1.0,1.0
1014,1.0,1.0
1015,1.0,1.0
1016,1.0,1.0
1017,1.0,1.0
1018,1.0,1.0
1019,1.0,1.0
1020,1.0,1.0
1021,1.0,1.0
1022,1.0,1.0
1023,1.0,1.0
1024,1.0,1.0
1025,1.0,1.0
1026,1.0,1.0
1027,1.0,1.0
1028,1.0,1.0
1029,1.0,1.0
1030,1.0,1.0
1031,1.0,1.0
1032,1.0,1.0
1033,1.0,1.0
1034,1.0,1.0
1035,1.0,1.0
1036,1.0,1.0
1037,1.0,1.0
1038,1.0,1.0
1039,1.0,1.0
1040,1.0,1.0
1041,1.0,1.0
1042,1.0,1.0
1043,1.0,1.0
1044,1.0,1.0
1045,1.0,1.0
1046,1.0,1.0
1047,1.0,1.0
1048,1.0,1.0
1049,1.0,1.0
1050,1.0,1.0
1051,1.0,1.0
1052,1.0,1.0
1053,1.0,1.0
1054,1.0,1.0
1055,1.0,1.0
1056,1.0,1.0
1057,1.0,1.0
1058,1.0,1.0
1059,1.0,1.0
1060,1.0,1.0
1061,1.0,1.0
1062,1.0,1.0
1063,1.0,1.0
1064,1.0,1.0
1065,1.0,1.0
1066,1.0,1.0
1067,1.0,1.0
1068,1.0,1.0
1069,1.0,1.0
1070,1.0,1.0
1071,1.0,1.0
1072,1.0,1.0
1073,1.0,1.0
1074,1.0,1.0
1075,1.0,1.0
1076,1.0,1.0
1077,1.0,1.0
1078,1.0,1.0
1079,1.0,1.0
1080,1.0,1.0
1081,1.0,1.0
1082,1.0,1.0
1083,1.0,1.0
1084,1.0,1.0
1085,1.0,1.0
1086,1.0,1.0
1087,1.0,1.0
1088,1.0,1.0
1089,1.0,1.0
1090,1.0,1.0
1091,1.0,1.0
1092,1.0,1.0
1093,1.0,1.0
1094,1.0,1.0
1095,1.0,1.0
1096,1.0,1.0
1097,1.0,1.0
1098,1.0,1.0
1099,1.0,1.0
1100,1.0,1.0
1101,1.0,1.0
1102,1.0,1.0
1103,1.0,1.0
1104,1.0,1.0
1105,1.0,1.0
1106,1.0,1.0
1107,1.0,1.0
1108,1.0,1.0
1109,1.0,1.0
1110,1.0,1.0
1111,1.0,1.0
1112,1.0,1.0
1113,1.0,1.0
1114,1.0,1.0
1115,1.0,1.0
1116,1.0,1.0
1117,1.0,1.0
1118,1.0,1.0
1119,1.0,1.0
1120,1.0,1.0
1121,1.0,1.0
1122,1.0,1.0
1123,1.0,1.0
1124,1.0,1.0
1125,1.0,1.0
1126,1.0,1.0
1127,1.0,1.0
1128,1.0,1.0
1129,1.0,1.0
1130,1.0,1.0
1131,1.0,1.0
1132,1.0,1.0
1133,1.0,1.0
1134,1.0,1.0
1135,1.0,1.0
1136,1.0,1.0
1137,1.0,1.0
1138,1.0,1.0
1139,1.0,1.0
1140,1.0,1.0
1141,1.0,1.0
1142,1.0,1.0
1143,1.0,1.0
1144,1.0,1.0
1145,1.0,1.0
1146,1.0,1.0
1147,1.0,1.0
1148,1.0,1.0
1149,1.0,1.0
1150,1.0,1.0
1151,1.0,1.0
1152,1.0,1.0
1153,1.0,1.0
1154,1.0,1.0
1155,1.0,1.0
1156,1.0,1.0
1157,1.0,1.0
1158,1.0,1.0
1159,1.0,1.0
1160,1.0,1.0
1161,1.0,1.0
1162,1.0,1.0
1163,1.0,1.0
1164,1.0,1.0
1165,1.0,1.0
1166,1.0,1.0
1167,1.0,1.0
1168,1.0,1.0
1169,1.0,1.0
1170,1.0,1.0
1171,1.0,1.0
1172,1.0,1.0
1173,1.0,1.0
1174,1.0,1.0
1175,1.0,1.0
1176,1.0,1.0
1177,1.0,1.0
1178,1.0,1.0
1179,1.0,1.0
1180,1.0,1.0
1181,1.0,1.0
1182,1.0,1.0
1183,1.0,1.0
1184,1.0,1.0
1185,1.0,1.0
1186,1.0,1.0
1187,1.0,1.0
1188,1.0,1.0
1189,1.0,1.0
1190,1.0,1.0
1191,1.0,1.0
1192,1.0,1.0
1193,1.0,1.0
1194,1.0,1.0
1195,1.0,1.0
1196,1.0,1.0
1197,1.0,1.0
1198,1.0,1.0
1199,1.0,1.0
1200,1.0,1.0
1201,1.0,1.0
1202,1.0,1.0
1203,1.0,1.0
1204,1.0,1.0
1205,1.0,1.0
1206,1.0,1.0
1207,1.0,1.0
1208,1.0,1.0
1209,1.0,1.0
1210,1.0,1.0
1211,1.0,1.0
1212,1.0,1.0
1213,1.0,1.0
1214,1.0,1.0
1215,1.0,1.0
1216,1.0,1.0
1217,1.0,1.0
1218,1.0,1.0
1219,1.0,1.0
1220,1.0,1.0
1221,1.0,1.0
1222,1.0,1.0
1223,1.0,1.0
1224,1.0,1.0
1225,1.0,1.0
1226,1.0,1.0
1227,1.0,1.0
1228,1.0,1.0
1229,1.0,1.0
1230,1.0,1.0
1231,1.0,1.0
1232,1.0,1.0
1233,1.0,1.0
1234,1.0,1.0
1235,1.0,1.0
1236,1.0,1.0
1237,1.0,1.0
1238,1.0,1.0
1239,1.0,1.0
1240,1.0,1.0
1241,1.0,1.0
1242,1.0,1.0
1243,1.0,1.0
1244,1.0,1.0
1245,1.0,1.0
1246,1.0,1.0
1247,1.0,1.0
1248,1.0,1.0
1249,1.0,1.0
1250,1.0,1.0
1251,1.0,1.0
1252,1.0,1.0
1253,1.0,1.0
1254,1.0,1.0
1255,1.0,1.0
1256,1.0,1.0
1257,1.0,1.0
1258,1.0,1.0
1259,1.0,1.0
1260,1.0,1.0
1261,1.0,1.0
1262,1.0,1.0
1263,1.0,1.0
1264,1.0,1.0
1265,1.0,1.0
1266,1.0,1.0
1267,1.0,1.0
1268,1.0,1.0
1269,1.0,1.0
1270,1.0,1.0
1271,1.0,1.0
1272,1.0,1.0
1273,1.0,1.0
1274,1.0,1.0
1275,1.0,1.0
1276,1.0,1.0
1277,1.0,1.0
1278,1.0,1.0
1279,1.0,1.0
1280,1.0,1.0
1281,1.0,1.0
1282,1.0,1.0
1283,1.0,1.0
1284,1.0,1.0
1285,1.0,1.0
1286,1.0,1.0
1287,1.0,1.0
1288,1.0,1.0
1289,1.0,1.0
1290,1.0,1.0
1291,1.0,1.0
1292,1.0,1.0
1293,1.0,1.0
1294,1.0,1.0
1295,1.0,1.0
1296,1.0,1.0
1297,1.0,1.0
1298,1.0,1.0
1299,1.0,1.0
1300,1.0,1.0
1301,1.0,1.0
1302,1.0,1.0
1303,1.0,1.0
1304,1.0,1.0
1305,1.0,1.0
1306,1.0,1.0
1307,1.0,1.0
1308,1.0,1.0
1309,1.0,1.0
1310,1.0,1.0
1311,1.0,1.0
1312,1.0,1.0
1313,1.0,1.0
1314,1.0,1.0
1315,1.0,1.0
1316,1.0,1.0
1317,1.0,1.0
1318,1.0,1.0
1319,1.0,1.0
1320,1.0,1.0
1321,1.0,1.0
1322,1.0,1.0
1323,1.0,1.0
1324,1.0,1.0
1325,1.0,1.0
1326,1.0,1.0
1327,1.0,1.0
1328,1.0,1.0
1329,1.0,1.0
1330,1.0,1.0
1331,1.0,1.0
1332,1.0,1.0
1333,1.0,1.0
1334,1.0,1.0
1335,1.0,1.0
1336,1.0,1.0
1337,1.0,1.0
1338,1.0,1.0
1339,1.0,1.0
1340,1.0,1.0
1341,1.0,1.0
1342,1.0,1.0
1343,1.0,1.0
1344,1.0,1.0
1345,1.0,1.0
1346,1.0,1.0
1347,1.0,1.0
1348,1.0,1.0
1349,1.0,1.0
1350,1.0,1.0
1351,1.0,1.0
1352,1.0,1.0
1353,1.0,1.0
1354,1.0,1.0
1355,1.0,1.0
1356,1.0,1.0
1357,1.0,1.0
1358,1.0,1.0
1359,1.0,1.0
1360,1.0,1.0
1361,1.0,1.0
1362,1.0,1.0
1363,1.0,1.0
1364,1.0,1.0
1365,1.0,1.0
1366,1.0,1.0
1367,1.0,1.0
1368,1.0,1.0
1369,1.0,1.0
1370,1.0,1.0
1371,1.0,1.0
1372,1.0,1.0
1373,1.0,1.0
1374,1.0,1.0
1375,1.0,1.0
1376,1.0,1.0
1377,1.0,1.0
1378,1.0,1.0
1379,1.0,1.0
1380,1.0,1.0
1381,1.0,1.0
1382,1.0,1.0
1383,1.0,1.0
1384,1.0,1.0
1385,1.0,1.0
1386,1.0,1.0
1387,1.0,1.0
1388,1.0,1.0
1389,1.0,1.0
1390,1.0,1.0
1391,1.0,1.0
1392,1.0,1.0
1393,1.0,1.0
1394,1.0,1.0
1395,1.0,1.0
1396,1.0,1.0
1397,1.0,1.0
1398,1.0,1.0
1399,1.0,1.0
1400,1.0,1.0
1401,1.0,1.0
1402,1.0,1.0
1403,1.0,1.0
1404,1.0,1.0
1405,1.0,1.0
1406,1.0,1.0
1407,1.0,1.0
1408,1.0,1.0
1409,1.0,1.0
1410,1.0,1.0
1411,1.0,1.0
1412,1.0,1.0
1413,1.0,1.0
1414,1.0,1.0
1415,1.0,1.0
1416,1.0,1.0
1417,1.0,1.0
1418,1.0,1.0
1419,1.0,1.0
1420,1.0,1.0
1421,1.0,1.0
1422,1.0,1.0
1423,1.0,1.0
1424,1.0,1.0
1425,1.0,1.0
1426,1.0,1.0
1427,1.0,1.0
1428,1.0,1.0
1429,1.0,1.0
1430,1.0,1.0
1431,1.0,1.0
1432,1.0,1.0
1433,1.0,1.0
1434,1.0,1.0
1435,1.0,1.0
1436,1.0,1.0
1437,1.0,1.0
1438,1.0,1.0
1439,1.0,1.0
1440,1.0,1.0
1441,1.0,1.0
1442,1.0,1.0
1443,1.0,1.0
1444,1.0,1.0
1445,1.0,1.0
1446,1.0,1.0
1447,1.0,1.0
1448,1.0,1.0
1449,1.0,1.0
1450,1.0,1.0
1451,1.0,1.0
1452,1.0,1.0
1453,1.0,1.0
1454,1.0,1.0
1455,1.0,1.0
1456,1.0,1.0
1457,1.0,1.0
1458,1.0,1.0
1459,1.0,1.0
1460,1.0,1.0
1461,1.0,1.0
1462,1.0,1.0
1463,1.0,1.0
1464,1.0,1.0
1465,1.0,1.0
1466,1.0,1.0
1467,1.0,1.0
1468,1.0,1.0
1469,1.0,1.0
1470,1.0,1.0
1471,1.0,1.0
1472,1.0,1.0
1473,1.0,1.0
1474,1.0,1.0
1475,1.0,1.0
1476,1.0,1.0
1477,1.0,1.0
1478,1.0,1.0
1479,1.0,1.0
1480,1.0,1.0
1481,1.0,1.0
1482,1.0,1.0
1483,1.0,1.0
1484,1.0,1.0
1485,1.0,1.0
1486,1.0,1.0
1487,1.0,1.0
1488,1.0,1.0
1489,1.0,1.0
1490,1.0,1.0
1491,1.0,1.0
1492,1.0,1.0
1493,1.0,1.0
1494,1.0,1.0
1495,1.0,1.0
1496,1.0,1.0
1497,1.0,1.0
1498,1.0,1.0
1499,1.0,1.0
1500,1.0,1.0
1501,1.0,1.0
1502,1.0,1.0
1503,1.0,1.0
1504,1.0,1.0
1505,1.0,1.0
1506,1.0,1.0
1507,1.0,1.0
1508,1.0,1.0
1509,1.0,1.0
1510,1.0,1.0
1511,1.0,1.0
1512,1.0,1.0
1513,1.0,1.0
1514,1.0,1.0
1515,1.0,1.0
1516,1.0,1.0
1517,1.0,1.0
1518,1.0,1.0
1519,1.0,1.0
1520,1.0,1.0
1521,1.0,1.0
1522,1.0,1.0
1523,1.0,1.0
1524,1.0,1.0
1525,1.0,1.0
1526,1.0,1.0
1527,1.0,1.0
1528,1.0,1.0
1529,1.0,1.0
1530,1.0,1.0
1531,1.0,1.0
1532,1.0,1.0
1533,1.0,1.0
1534,1.0,1.0
1535,1.0,1.0
1536,1.0,1.0
1537,1.0,1.0
1538,1.0,1.0
1539,1.0,1.0
1540,1.0,1.0
1541,1.0,1.0
1542,1.0,1.0
1543,1.0,1.0
1544,1.0,1.0
1545,1.0,1.0
1546,1.0,1.0
1547,1.0,1.0
1548,1.0,1.0
1549,1.0,1.0
1550,1.0,1.0
1551,1.0,1.0
1552,1.0,1.0
1553,1.0,1.0
1554,1.0,1.0
1555,1.0,1.0
1556,1.0,1.0
1557,1.0,1.0
1558,1.0,1.0
1559,1.0,1.0
1560,1.0,1.0
1561,1.0,1.0
1562,1.0,1.0
1563,1.0,1.0
1564,1.0,1.0
1565,1.0,1.0
1566,1.0,1.0
1567,1.0,1.0
1568,1.0,1.0
1569,1.0,1.0
1570,1.0,1.0
1571,1.0,1.0
1572,1.0,1.0
1573,1.0,1.0
1574,1.0,1.0
1575,1.0,1.0
1576,1.0,1.0
1577,1.0,1.0
1578,1.0,1.0
1579,1.0,1.0
1580,1.0,1.0
1581,1.0,1.0
1582,1.0,1.0
1583,1.0,1.0
1584,1.0,1.0
1585,1.0,1.0
1586,1.0,1.0
1587,1.0,1.0
1588,1.0,1.0
1589,1.0,1.0
1590,1.0,1.0
1591,1.0,1.0
1592,1.0,1.0
1593,1.0,1.0
1594,1.0,1.0
1595,1.0,1.0
1596,1.0,1.0
1597,1.0,1.0
1598,1.0,1.0
1599,1.0,1.0
1600,1.0,1.0
1601,1.0,1.0
1602,1.0,1.0
1603,1.0,1.0
1604,1.0,1.0
1605,1.0,1.0
1606,1.0,1.0
1607,1.0,1.0
1608,1.0,1.0
1609,1.0,1.0
1610,1.0,1.0
1611,1.0,1.0
1612,1.0,1.0
1613,1.0,1.0
1614,1.0,1.0
1615,1.0,1.0
1616,1.0,1.0
1617,1.0,1.0
1618,1.0,1.0
1619,1.0,1.0
1620,1.0,1.0
1621,1.0,1.0
1622,1.0,1.0
1623,1.0,1.0
1624,1.0,1.0
1625,1.0,1.0
1626,1.0,1.0
1627,1.0,1.0
1628,1.0,1.0
1629,1.0,1.0
1630,1.0,1.0
1631,1.0,1.0
1632,1.0,1.0
1633,1.0,1.0
1634,1.0,1.0
1635,1.0,1.0
1636,1.0,1.0
1637,1.0,1.0
1638,1.0,1.0
1639,1.0,1.0
1640,1.0,1.0
1641,1.0,1.0
1642,1.0,1.0
1643,1.0,1.0
1644,1.0,1.0
1645,1.0,1.0
1646,1.0,1.0
1647,1.0,1.0
1648,1.0,1.0
1649,1.0,1.0
1650,1.0,1.0
1651,1.0,1.0
1652,1.0,1.0
1653,1.0,1.0
1654,1.0,1.0
1655,1.0,1.0
1656,1.0,1.0
1657,1.0,1.0
1658,1.0,1.0
1659,1.0,1.0
1660,1.0,1.0
1661,1.0,1.0
1662,1.0,1.0
1663,1.0,1.0
1664,1.0,1.0
1665,1.0,1.0
1666,1.0,1.0
1667,1.0,1.0
1668,1.0,1.0
1669,1.0,1.0
1670,1.0,1.0
1671,1.0,1.0
1672,1.0,1.0
1673,1.0,1.0
1674,1.0,1.0
1675,1.0,1.0
1676,1.0,1.0
1677,1.0,1.0
1678,1.0,1.0
1679,1.0,1.0
1680,1.0,1.0
1681,1.0,1.0
1682,1.0,1.0
1683,1.0,1.0
1684,1.0,1.0
1685,1.0,1.0
1686,1.0,1.0
1687,1.0,1.0
1688,1.0,1.0
1689,1.0,1.0
1690,1.0,1.0
1691,1.0,1.0
1692,1.0,1.0
1693,1.0,1.0
1694,1.0,1.0
1695,1.0,1.0
1696,1.0,1.0
1697,1.0,1.0
1698,1.0,1.0
1699,1.0,1.0
1700,1.0,1.0
1701,1.0,1.0
1702,1.0,1.0
1703,1.0,1.0
1704,1.0,1.0
1705,1.0,1.0
1706,1.0,1.0
1707,1.0,1.0
1708,1.0,1.0
1709,1.0,1.0
1710,1.0,1.0
1711,1.0,1.0
1712,1.0,1.0
1713,1.0,1.0
1714,1.0,1.0
1715,1.0,1.0
1716,1.0,1.0
1717,1.0,1.0
1718,1.0,1.0
1719,1.0,1.0
1720,1.0,1.0
1721,1.0,1.0
1722,1.0,1.0
1723,1.0,1.0
1724,1.0,1.0
1725,1.0,1.0
1726,1.0,1.0
1727,1.0,1.0
1728,1.0,1.0
1729,1.0,1.0
1730,1.0,1.0
1731,1.0,1.0
1732,1.0,1.0
1733,1.0,1.0
1734,1.0,1.0
1735,1.0,1.0
1736,1.0,1.0
1737,1.0,1.0
1738,1.0,1.0
1739,1.0,1.0
1740,1.0,1.0
1741,1.0,1.0
1742,1.0,1.0
1743,1.0,1.0
1744,1.0,1.0
1745,1.0,1.0
1746,1.0,1.0
1747,1.0,1.0
1748,1.0,1.0
1749,1.0,1.0
1750,1.0,1.0
1751,1.0,1.0
1752,1.0,1.0
1753,1.0,1.0
1754,1.0,1.0
1755,1.0,1.0
1756,1.0,1.0
1757,1.0,1.0
1758,1.0,1.0
1759,1.0,1.0
1760,1.0,1.0
1761,1.0,1.0
1762,1.0,1.0
1763,1.0,1.0
1764,1.0,1.0
1765,1.0,1.0
1766,1.0,1.0
1767,1.0,1.0
1768,1.0,1.0
1769,1.0,1.0
1770,1.0,1.0
1771,1.0,1.0
1772,1.0,1.0
1773,1.0,1.0
1774,1.0,1.0
1775,1.0,1.0
1776,1.0,1.0
1777,1.0,1.0
1778,1.0,1.0
1779,1.0,1.0
1780,1.0,1.0
1781,1.0,1.0
1782,1.0,1.0
1783,1.0,1.0
1784,1.0,1.0
1785,1.0,1.0
1786,1.0,1.0
1787,1.0,1.0
1788,1.0,1.0
1789,1.0,1.0
1790,1.0,1.0
1791,1.0,1.0
1792,1.0,1.0
1793,1.0,1.0
1794,1.0,1.0
1795,1.0,1.0
1796,1.0,1.0
1797,1.0,1.0
1798,1.0,1.0
1799,1.0,1.0
1800,1.0,1.0
1801,1.0,1.0
1802,1.0,1.0
1803,1.0,1.0
1804,1.0,1.0
1805,1.0,1.0
1806,1.0,1.0
1807,1.0,1.0
1808,1.0,1.0
1809,1.0,1.0
1810,1.0,1.0
1811,1.0,1.0
1812,1.0,1.0
1813,1.0,1.0
1814,1.0,1.0
1815,1.0,1.0
1816,1.0,1.0
1817,1.0,1.0
1818,1.0,1.0
1819,1.0,1.0
1820,1.0,1.0
1821,1.0,1.0
1822,1.0,1.0
1823,1.0,1.0
1824,1.0,1.0
1825,1.0,1.0
1826,1.0,1.0
1827,1.0,1.0
1828,1.0,1.0
1829,1.0,1.0
1830,1.0,1.0
1831,1.0,1.0
1832,1.0,1.0
1833,1.0,1.0
1834,1.0,1.0
1835,1.0,1.0
1836,1.0,1.0
1837,1.0,1.0
1838,1.0,1.0
1839,1.0,1.0
1840,1.0,1.0
1841,1.0,1.0
1842,1.0,1.0
1843,1.0,1.0
1844,1.0,1.0
1845,1.0,1.0
1846,1.0,1.0
1847,1.0,1.0
1848,1.0,1.0
1849,1.0,1.0
1850,1.0,1.0
1851,1.0,1.0
1852,1.0,1.0
1853,1.0,1.0
1854,1.0,1.0
1855,1.0,1.0
1856,1.0,1.0
1857,1.0,1.0
1858,1.0,1.0
1859,1.0,1.0
1860,1.0,1.0
1861,1.0,1.0
1862,1.0,1.0
1863,1.0,1.0
1864,1.0,1.0
1865,1.0,1.0
1866,1.0,1.0
1867,1.0,1.0
1868,1.0,1.0
1869,1.0,1.0
1870,1.0,1.0
1871,1.0,1.0
1872,1.0,1.0
1873,1.0,1.0
1874,1.0,1.0
1875,1.0,1.0
1876,1.0,1.0
1877,1.0,1.0
1878,1.0,1.0
1879,1.0,1.0
1880,1.0,1.0
1881,1.0,1.0
1882,1.0,1.0
1883,1.0,1.0
1884,1.0,1.0
1885,1.0,1.0
1886,1.0,1.0
1887,1.0,1.0
1888,1.0,1.0
1889,1.0,1.0
1890,1.0,1.0
1891,1.0,1.0
1892,1.0,1.0
1893,1.0,1.0
1894,1.0,1.0
1895,1.0,1.0
1896,1.0,1.0
1897,1.0,1.0
1898,1.0,1.0
1899,1.0,1.0
1900,1.0,1.0
1901,1.0,1.0
1902,1.0,1.0
1903,1.0,1.0
1904,1.0,1.0
1905,1.0,1.0
1906,1.0,1.0
1907,1.0,1.0
1908,1.0,1.0
1909,1.0,1.0
1910,1.0,1.0
1911,1.0,1.0
1912,1.0,1.0
1913,1.0,1.0
1914,1.0,1.0
1915,1.0,1.0
1916,1.0,1.0
1917,1.0,1.0
1918,1.0,1.0
1919,1.0,1.0
1920,1.0,1.0
1921,1.0,1.0
1922,1.0,1.0
1923,1.0,1.0
1924,1.0,1.0
1925,1.0,1.0
1926,1.0,1.0
1927,1.0,1.0
1928,1.0,1.0
1929,1.0,1.0
1930,1.0,1.0
1931,1.0,1.0
1932,1.0,1.0
1933,1.0,1.0
1934,1.0,1.0
1935,1.0,1.0
1936,1.0,1.0
1937,1.0,1.0
1938,1.0,1.0
1939,1.0,1.0
1940,1.0,1.0
1941,1.0,1.0
1942,1.0,1.0
1943,1.0,1.0
1944,1.0,1.0
1945,1.0,1.0
1946,1.0,1.0
1947,1.0,1.0
1948,1.0,1.0
1949,1.0,1.0
1950,1.0,1.0
1951,1.0,1.0
1952,1.0,1.0
1953,1.0,1.0
1954,1.0,1.0
1955,1.0,1.0
1956,1.0,1.0
1957,1.0,1.0
1958,1.0,1.0
1959,1.0,1.0
1960,1.0,1.0
1961,1.0,1.0
1962,1.0,1.0
1963,1.0,1.0
1964,1.0,1.0
1965,1.0,1.0
1966,1.0,1.0
1967,1.0,1.0
1968,1.0,1.0
1969,1.0,1.0
1970,1.0,1.0
1971,1.0,1.0
1972,1.0,1.0
1973,1.0,1.0
1974,1.0,1.0
1975,1.0,1.0
1976,1.0,1.0
1977,1.0,1.0
1978,1.0,1.0
1979,1.0,1.0
1980,1.0,1.0
1981,1.0,1.0
1982,1.0,1.0
1983,1.0,1.0
1984,1.0,1.0
1985,1.0,1.0
1986,1.0,1.0
1987,1.0,1.0
1988,1.0,1.0
1989,1.0,1.0
1990,1.0,1.0
1991,1.0,1.0
1992,1.0,1.0
1993,1.0,1.0
1994,1.0,1.0
1995,1.0,1.0
1996,1.0,1.0
1997,1.0,1.0
1998,1.0,1.0
1999,1.0,1.0
