,LAT,LONG
0,32.8078409,-117.2105461
1,32.8063005,-117.2429102
2,32.7374383,-117.125045
3,32.7521166,-117.2151526
4,32.7514146,-117.0987257
5,32.6968047,-117.0894589
6,32.7551936,-117.1008364
7,32.5735233,-117.0522776
8,32.7471579,-117.2093699
9,32.8318107,-117.276584
10,32.7402725,-117.1009304
11,32.750374,-117.2081684
12,32.7157607,-117.1592636
13,32.801533,-117.185059
14,32.8095824,-117.1444885
15,32.8160331,-117.2686502
16,33.02638,-117.0824191
17,32.7313852,-117.1630256
18,32.7725656,-117.0718679
19,32.7253967,-117.1690131
20,32.7817663,-117.1104461
21,32.7725717,-117.1573225
22,32.7214093,-117.084988
23,32.71166640000001,-117.073137
24,32.798172,-117.248177
25,32.9165455,-117.1259224
26,32.7170338,-117.1578383
27,32.7070274,-117.0322419
28,32.7188763,-117.155663
29,32.7633018,-117.112181
30,32.805661,-117.0145638
31,32.7944506,-117.1942593
32,32.8495927,-117.2519556
33,32.6908257,-117.1124136
34,32.7083333,-117.1582763
35,32.715023,-117.0850255
36,32.7497301,-117.1143694
37,32.7516695,-117.2350962
38,32.7496428,-117.104474
39,32.7455322,-117.1993268
40,32.7497301,-117.1143694
41,32.702633,-117.1459695
42,32.8094805,-117.1166715
43,32.7615533,-117.2320493
44,32.8195164,-117.126563
45,32.8015347,-117.1419186
46,32.7615533,-117.2320493
47,33.0155322,-117.0594453
48,32.864923,-117.225434
49,32.800201,-117.238991
50,32.81517,-117.210938
51,32.7476279,-117.242456
52,32.5720434,-117.0610659
53,32.5454479,-117.0426214
54,32.7688557,-117.0404152
55,32.8707924,-117.2235221
56,32.9648569,-117.1862545
57,32.8222396,-117.1248803
58,32.835017,-117.248827
59,32.8505881,-117.2229384
60,32.8724522,-117.2141439
61,32.798569,-117.246361
62,32.7060284,-117.1443971
63,32.7502721,-117.1563654
64,32.7289067,-117.0636805
65,32.7680787,-117.0848669
66,32.7969042,-117.2399557
67,32.7158584,-117.1295872
68,32.7495499,-117.0923034
69,32.785788,-117.1582275
70,32.7114809,-117.1691208
71,32.7040338,-117.0308765
72,32.7219476,-117.1602093
73,32.7725656,-117.0718679
74,32.7022728,-117.089303
75,32.7792354,-117.1342339
76,32.7489592,-117.1695546
77,32.7625867,-117.0677899
78,32.7518705,-117.1631776
79,32.7496291,-117.1093174
80,32.8304876,-117.2170722
81,32.7937207,-117.0675461
82,32.7495549,-117.0933618
83,33.0002607,-117.0867445
84,32.8347099,-117.1592585
85,32.7785418,-117.0621443
86,32.7169192,-117.1295853
87,32.7725656,-117.0718679
88,32.8018351,-117.0498704
89,32.7209161,-117.16112
90,32.7849892,-117.0967777
91,32.7255773,-117.1170328
92,32.7782184,-117.1570495
93,32.7993546,-117.2563467
94,32.683056,-117.049454
95,32.5567295,-117.0406897
96,32.7032464,-117.133864
97,32.8029583,-117.2535421
98,32.7214093,-117.084988
99,32.780156,-117.101638
100,32.9567298,-117.152999
101,32.7126378,-117.1494626
102,32.7115595,-117.1564852
103,33.0177242,-117.1433705
104,32.9470526,-117.0957672
105,32.7925986,-117.122797
106,32.7982267,-117.2383824
107,32.7571642,-117.1141743
108,32.8207424,-117.2133065
109,32.8327563,-117.271291
110,32.7716354,-117.0700025
111,32.9165847,-117.1652662
112,32.75132810000001,-117.0890505
113,32.9165847,-117.1652662
114,32.7484553,-117.1318934
115,32.6960558,-117.1103254
116,32.7484151,-117.1534578
117,32.785023,-117.101517
118,32.7068456,-117.1605621
119,32.5436274,-117.0840812
120,32.7552897,-117.0717963
121,32.6928198,-117.1294546
122,32.8033444,-117.2124641
123,32.784943,-117.1104113
124,32.7202111,-117.0850229
125,32.750309,-117.1363341
126,32.74695270000001,-117.1615865
127,32.7967323,-117.2457938
128,32.8269188,-117.095863
129,32.783768,-117.198181
130,32.9053495,-117.1241885
131,32.89615089999999,-117.0992445
132,32.685497,-117.115356
133,32.9222272,-117.228553
134,32.8203555,-117.1715234
135,32.7493468,-117.1922637
136,32.7897829,-117.1448508
137,32.7680787,-117.0848669
138,32.793957,-117.239098
139,32.7271873,-117.1648044
140,32.7495511,-117.1512455
141,32.7499795,-117.1616401
142,32.9001783,-117.1893885
143,32.7728149,-117.0555505
144,32.7993994,-117.2342261
145,32.7115428,-117.1628871
146,32.8501569,-117.2515517
147,32.7969042,-117.2399557
148,32.9731214,-117.0776399
149,32.7438934,-117.2483275
150,33.0226829,-117.0700909
151,32.8336854,-117.1011142
152,33.0264204,-117.0749424
153,33.0413257,-117.061035
154,32.7551936,-117.1008364
155,32.953426,-117.232799
156,32.8094805,-117.1166715
157,32.7060284,-117.1443971
158,32.7770661,-117.0561959
159,32.7290556,-117.1715529
160,32.7063407,-117.1402135
161,32.9248325,-117.127605
162,32.9824833,-117.1308694
163,32.9908878,-117.0723232
164,32.7443199,-117.0795966
165,32.7552129,-117.1388452
166,32.7209178,-117.1602043
167,32.7178211,-117.1556413
168,32.7062813,-117.149445
169,32.7914484,-117.1573394
170,32.9216753,-117.0626265
171,32.8245997,-117.1459415
172,32.8049732,-117.1336691
173,32.7402931,-117.0813195
174,32.7115392,-117.1546581
175,32.6959788,-117.1273008
176,32.9589914,-117.20929
177,32.706367,-117.135986
178,32.6864536,-117.0449464
179,32.8094805,-117.1166715
180,32.797695,-117.236267
181,32.8964603,-117.1310476
182,32.8897601,-117.1427999
183,32.7541409,-117.204919
184,0.0,0.0
185,32.803977,-117.0460172
186,32.7493468,-117.1922637
187,32.829323,-117.212677
188,32.704327,-117.125221
189,32.685497,-117.115356
190,32.7609772,-117.1450328
191,32.8641904,-117.2362763
192,32.8987868,-117.2025187
193,32.5764371,-117.0928404
194,32.7401088,-117.2289708
195,32.6658356,-117.0557694
196,32.7040648,-117.0882645
197,32.7552964,-117.1157874
198,32.9333914,-117.2394011
199,32.7732645,-117.203813
200,32.5540604,-116.9424315
201,32.7517011,-117.1501915
202,32.8741084,-117.2073531
203,32.9470526,-117.0957672
204,32.7617243,-117.1666055
205,32.8223379,-117.1322447
206,32.9035227,-117.184315
207,32.9097731,-117.087888
208,32.572834,-117.0927843
209,32.71784,-117.1537019
210,32.7158434,-117.1337654
211,33.025234,-117.0599992
212,32.7116548,-117.1302053
213,32.5585934,-116.9383225
214,32.8781173,-117.1731893
215,32.7040962,-117.0849183
216,32.8377379,-117.1268195
217,32.6928143,-117.1316288
218,32.8044607,-117.121704
219,32.803057,-117.1413746
220,32.711489,-117.1720742
221,32.7125787,-117.1592243
222,32.5516593,-117.0398652
223,32.6928198,-117.1294546
224,32.8897601,-117.1427999
225,33.0207248,-117.0945954
226,32.9564117,-117.1099216
227,32.5760562,-117.0435561
228,32.742948,-117.2355008
229,32.8134795,-117.1525877
230,32.7115595,-117.1564852
231,32.7114809,-117.1691208
232,32.7496349,-117.1106601
233,32.755338,-117.1222374
234,32.7686766,-117.0448443
235,32.8703037,-117.2337759
236,32.7725717,-117.1573225
237,32.8741084,-117.2073531
238,32.788754,-117.237488
239,32.7079672,-117.1196197
240,32.9017859,-117.111693
241,32.77078,-117.06883
242,32.9554415,-117.229761
243,32.7115468,-117.149448
244,0.0,0.0
245,32.8193015,-117.1818048
246,32.7812278,-117.1314273
247,32.6929009,-117.1145682
248,32.8935909,-117.1337958
249,32.8326704,-117.1532664
250,32.9196723,-117.180653
251,32.727226,-117.2182747
252,32.7551966,-117.1200799
253,32.7188895,-117.1537168
254,32.9455159,-117.0955447
255,32.783196,-117.0983648
256,32.7554853,-117.096523
257,32.7374413,-117.1293325
258,32.7710582,-117.0795036
259,32.7531129,-117.0933242
260,32.7499795,-117.1616401
261,32.7482509,-117.1627537
262,32.8057374,-117.1599546
263,32.81506299999999,-117.231506
264,32.7497883,-117.1713933
265,32.7489592,-117.1695546
266,32.7569829,-117.0802655
267,32.707382,-117.140213
268,32.7894639,-117.1087928
269,32.7317627,-117.1174529
270,32.7064409,-117.1252422
271,32.8501569,-117.2515517
272,32.807529,-117.237343
273,32.8094805,-117.1166715
274,32.803509,-117.24202
275,32.7208987,-117.165621
276,32.7615533,-117.2320493
277,32.5819767,-117.0995131
278,32.7599203,-117.0806897
279,32.6968453,-117.099234
280,32.69754220000001,-117.025832
281,32.6953444,-117.0937434
282,32.809781,-117.1400592
283,32.8275062,-117.2612247
284,32.9201139,-117.119941
285,32.7115059,-117.0978466
286,32.783196,-117.0983648
287,32.6928198,-117.1294546
288,32.7115384,-117.1485531
289,32.7552129,-117.1388452
290,32.7692208,-117.1440635
291,32.7188655,-117.1583658
292,32.8090582,-117.2076584
293,32.5934398,-117.0841152
294,32.7435795,-117.2202154
295,32.7219647,-117.1701699
296,32.7303357,-117.1602798
297,32.7188324,-117.1638747
298,32.7188763,-117.155663
299,32.907444,-117.154427
300,32.8205808,-117.1671252
301,32.8751768,-117.244995
302,32.7026756,-117.048822
303,32.7759807,-117.1375372
304,32.8094805,-117.1166715
305,32.7459137,-117.104517
306,32.796963,-117.25367
307,32.78474,-117.2528405
308,32.9005734,-117.2076307
309,32.749445,-117.1732806
310,32.7364609,-117.2373595
311,32.7469609,-117.1604049
312,32.7977588,-117.2500049
313,32.7902888,-117.1051447
314,32.7322245,-117.2226479
315,32.8078409,-117.2105461
316,32.7629918,-117.06462
317,32.7262067,-117.2445367
318,32.7494164,-117.08699
319,32.7115595,-117.1564852
320,32.7168126,-117.1485888
321,32.8084123,-117.1224865
322,32.8938185,-117.1200046
323,32.7334877,-117.0947043
324,32.8018351,-117.0498704
325,32.7549472,-117.0922319
326,32.783196,-117.0983648
327,32.7219399,-117.241841
328,32.786482,-117.1702141
329,32.7495549,-117.0933618
330,32.8897601,-117.1427999
331,32.7533332,-117.2455319
332,32.7178211,-117.1556413
333,33.0413257,-117.061035
334,32.8737755,-117.2097834
335,32.7483346,-117.15952
336,32.7489731,-117.1998335
337,33.0151463,-117.0766683
338,32.79714440000001,-117.2439556
339,32.7166908,-117.1638344
340,32.7011944,-117.1295066
341,32.7609638,-117.1475463
342,32.8118521,-117.0661147
343,32.7633902,-117.0974815
344,32.7409893,-117.1389901
345,32.7072955,-117.1582645
346,32.7150873,-117.0978522
347,32.8935909,-117.1337958
348,32.9257845,-117.1542659
349,32.7115384,-117.1485531
350,32.7629249,-117.1282776
351,32.7700433,-117.2017067
352,32.7538302,-117.2178891
353,32.90699439999999,-117.1741806
354,32.8328356,-117.1266632
355,32.71868600000001,-117.0887722
356,32.734937,-117.0795666
357,32.7605873,-117.0641168
358,32.7532021,-117.1029494
359,32.712514,-117.0493544
360,32.8755385,-117.243741
361,32.7833848,-117.1718042
362,32.7012101,-117.1251819
363,32.79781670000001,-117.2402422
364,33.0244869,-117.0852381
365,32.7559604,-117.0929375
366,32.7240821,-117.1602392
367,32.7474236,-117.138979
368,32.9374076,-117.1007576
369,32.7496281,-117.1009186
370,32.8860898,-117.1494637
371,33.0330624,-117.0600727
372,32.7370967,-117.2435718
373,32.7498007,-117.2330247
374,32.69151860000001,-117.0415968
375,32.6938514,-117.1316073
376,0.0,0.0
377,32.8405176,-117.2725154
378,32.5529041,-116.9359024
379,32.7902888,-117.1051447
380,32.8085752,-117.119055
381,32.7999573,-117.2311312
382,32.7615533,-117.2320493
383,32.8741084,-117.2073531
384,32.8107152,-117.1777961
385,32.7496428,-117.104474
386,32.7597001,-117.0704819
387,0.0,0.0
388,32.9528247,-117.0972939
389,32.5516593,-117.0398652
390,32.7993843,-117.2427074
391,32.9775607,-117.090327
392,32.7442199,-117.1715032
393,32.7050069,-117.1577239
394,32.7251889,-117.0625166
395,32.7040925,-117.0979694
396,32.7427549,-117.1818845
397,32.7803771,-117.2525945
398,32.6938426,-117.1337791
399,32.5735233,-117.0522776
400,32.8213843,-117.1828927
401,32.8768526,-117.21836
402,32.8216787,-117.1444739
403,32.7136224,-117.160169
404,32.9059734,-117.0904713
405,32.5523786,-117.0393859
406,32.7496593,-117.1056954
407,32.7471579,-117.2093699
408,32.825005,-117.224678
409,32.7552174,-117.1018856
410,32.7515178,-117.1106303
411,32.7430483,-117.2490491
412,32.7381452,-117.0581881
413,32.7685795,-117.051498
414,32.8819429,-117.1690534
415,32.7487286,-117.0793715
416,32.807747,-117.1599389
417,32.6906792,-117.1024896
418,32.7231813,-117.2319559
419,32.745859,-117.0795283
420,32.5569045,-116.9360331
421,32.5698916,-117.0840306
422,32.8944466,-117.1467372
423,32.5529041,-116.9359024
424,32.893671,-117.1269984
425,32.5676605,-116.9623327
426,0.0,0.0
427,32.7496349,-117.1106601
428,32.7478386,-117.1106798
429,32.7670728,-117.0967989
430,32.699143,-117.1156834
431,32.8711076,-117.2434547
432,32.7499155,-117.2431725
433,32.7190987,-117.2343977
434,32.8222396,-117.1248803
435,32.7062813,-117.149445
436,32.7552878,-117.220146
437,32.7496047,-117.0976821
438,32.819019,-117.179526
439,32.7012498,-117.1168003
440,32.7255565,-117.1720772
441,32.8936947,-117.1183605
442,32.7115391,-117.159216
443,32.708481,-117.1320822
444,32.82860429999999,-117.1933197
445,32.7726124,-117.2027434
446,32.7812278,-117.1314273
447,32.9589914,-117.20929
448,32.7443365,-117.1475427
449,32.793957,-117.239098
450,32.7945906,-117.0686165
451,32.75488130000001,-117.0794553
452,32.7495906,-117.2060193
453,32.8737755,-117.2097834
454,32.5735486,-117.0689607
455,32.8981322,-117.2406253
456,32.8994587,-117.0989858
457,32.9857168,-117.0754328
458,32.9578908,-117.112647
459,32.7827648,-117.2366369
460,32.7244481,-117.1292506
461,32.7313641,-117.1657557
462,32.8003551,-117.2292719
463,0.0,0.0
464,32.82860429999999,-117.1933197
465,32.827946,-117.213768
466,32.7150755,-117.0956908
467,32.783196,-117.0983648
468,32.6723139,-117.0615497
469,32.79781670000001,-117.2402422
470,32.9470526,-117.0957672
471,32.69721630000001,-117.1400931
472,32.7540309,-117.1464828
473,32.7014469,-117.0695709
474,32.8287451,-117.1787974
475,32.8741084,-117.2073531
476,32.7598095,-117.2488872
477,32.8506113,-117.2504902
478,32.7488678,-117.0725705
479,32.7115285,-117.1637652
480,32.8938185,-117.1200046
481,32.7495906,-117.2060193
482,32.7894639,-117.1087928
483,32.7632554,-117.1073475
484,33.001554,-117.058196
485,32.7439837,-117.0966418
486,32.7609938,-117.1397491
487,32.7840663,-117.1277394
488,32.7959497,-117.2396571
489,32.7458874,-117.0966297
490,32.9282052,-117.2074911
491,32.8203972,-117.1760758
492,32.8703037,-117.2337759
493,32.7406289,-117.1840387
494,32.685497,-117.115356
495,32.742197,-117.107022
496,32.7532613,-117.1118609
497,32.7115384,-117.1485531
498,32.7440356,-117.0620497
499,32.9027456,-117.1241047
500,32.9129171,-117.1385202
501,32.7318501,-117.129469
502,32.9863702,-117.1605049
503,32.960704,-117.1135413
504,32.8253383,-117.162802
505,32.7732224,-117.1682874
506,32.7495906,-117.2060193
507,32.9564117,-117.1099216
508,32.8724522,-117.2141439
509,32.8312426,-117.2158965
510,32.7632944,-117.0543116
511,32.9034443,-117.1179668
512,32.831078,-117.273758
513,32.8199809,-117.1549836
514,32.7243798,-117.2294148
515,32.780156,-117.101638
516,32.8267939,-117.1543599
517,32.8367601,-117.1975842
518,32.9782498,-117.0710959
519,32.7092821,-117.0679948
520,32.7044475,-117.0850677
521,32.7043161,-117.1294973
522,32.6938903,-117.125333
523,32.7551936,-117.1008364
524,32.7495648,-117.0944407
525,32.7214093,-117.084988
526,32.6960558,-117.1103254
527,32.8008229,-117.1962403
528,32.7531693,-117.0997798
529,32.7482509,-117.1627537
530,32.5507856,-117.0451742
531,32.7441753,-117.2124846
532,32.7477371,-117.2397044
533,32.7514676,-117.1044492
534,32.834702,-117.225891
535,32.770117,-117.0860717
536,32.7499155,-117.2431725
537,32.942585,-117.2324598
538,32.5565461,-116.9376464
539,32.8935909,-117.1337958
540,32.7125262,-117.1637864
541,32.7512034,-117.1514293
542,32.7781648,-117.1006223
543,32.8360215,-117.1523321
544,32.7040632,-117.0814929
545,32.835342,-117.226082
546,32.864923,-117.225434
547,32.7022754,-117.1125331
548,32.7188393,-117.1601783
549,32.7115285,-117.1637652
550,32.8670044,-117.2075598
551,32.7538302,-117.2178891
552,32.7540386,-117.1449976
553,32.7817663,-117.1104461
554,32.75204420000001,-117.2466218
555,32.6838203,-117.1056702
556,32.8986079,-117.1402342
557,32.7441753,-117.2124846
558,32.8222396,-117.1248803
559,32.7742032,-117.0977509
560,32.7115567,-117.1440048
561,32.6983353,-117.0537599
562,32.6955384,-117.0487807
563,32.7334878,-117.1602964
564,32.7557649,-117.0943712
565,32.7273873,-117.2268427
566,32.9031889,-117.1449602
567,32.953639,-117.229308
568,32.9595947,-117.1264354
569,32.7498116,-117.169563
570,32.8171515,-117.1548985
571,32.7115324,-117.1601472
572,32.7115309,-117.1610576
573,32.7359678,-117.2176998
574,32.7352057,-117.1457371
575,32.7115285,-117.1637652
576,32.8741084,-117.2073531
577,32.6953385,-117.049556
578,32.6890466,-117.0464344
579,32.7253967,-117.1690131
580,32.711489,-117.1720742
581,32.9100535,-117.0990925
582,32.9083167,-117.1665936
583,32.7276881,-117.1532813
584,32.8767479,-117.2074688
585,32.8714036,-117.218203
586,32.8957396,-117.1350022
587,32.7485687,-117.1512519
588,32.8287116,-117.1222765
589,32.74400790000001,-117.2032112
590,32.8327575,-117.1435689
591,0.0,0.0
592,32.8428991,-117.2719538
593,32.7666726,-117.2510448
594,32.687798,-117.118713
595,32.7533311,-117.1222331
596,32.9452189,-117.2171494
597,32.9520452,-117.2325436
598,32.6968047,-117.0894589
599,32.712644,-117.1485776
600,32.8109332,-117.2665247
601,32.7295411,-117.1736588
602,32.7188393,-117.1601783
603,0.0,0.0
604,32.7376666,-117.1594059
605,32.786482,-117.1702141
606,32.7894639,-117.1087928
607,32.74400790000001,-117.2032112
608,32.7732915,-117.0466714
609,32.8641904,-117.2362763
610,32.8344171,-117.1948719
611,32.7227315,-117.0861602
612,32.7497713,-117.1192948
613,32.8545555,-117.2046441
614,32.7117879,-117.0580638
615,32.7389866,-117.1774541
616,32.8095434,-117.2196059
617,32.7803771,-117.2525945
618,0.0,0.0
619,32.8938185,-117.1200046
620,32.7157397,-117.1601681
621,32.7520525,-117.0668007
622,32.7282474,-117.161179
623,32.7628699,-117.1351501
624,32.8474916,-117.2076295
625,32.73140050000001,-117.1594096
626,32.7084842,-117.1338278
627,32.7147038,-117.1538526
628,32.9813306,-117.072304
629,32.89707130000001,-117.1269338
630,32.9365106,-117.0758296
631,32.7297719,-117.2278567
632,32.7998144,-117.2330084
633,32.8078732,-117.1559561
634,32.8327004,-117.148884
635,32.7022633,-117.0882257
636,32.8817911,-117.1908597
637,32.9374619,-117.1271907
638,32.763422,-117.2095979
639,32.9261494,-117.0929134
640,32.7057485,-117.1295314
641,32.8724522,-117.2141439
642,32.7974138,-117.2421054
643,32.7914066,-117.0980755
644,32.7251401,-117.1698513
645,32.780156,-117.101638
646,32.7774619,-117.1324605
647,32.7725717,-117.1573225
648,32.8290538,-117.1533183
649,32.723766,-117.229927
650,32.7178211,-117.1556413
651,32.9280111,-117.1585821
652,32.7523379,-117.2039196
653,32.7997264,-117.09169
654,32.7912978,-117.1978976
655,32.9706382,-117.1620603
656,32.794073,-117.0590563
657,32.82860429999999,-117.1933197
658,32.78769,-117.096761
659,32.7484173,-117.1462353
660,32.69264800000001,-117.139384
661,32.7245702,-117.1716749
662,32.7499155,-117.2431725
663,32.9267498,-117.207482
664,32.6917996,-117.0367916
665,32.9760014,-117.1462177
666,32.8970266,-117.1233735
667,32.796471,-117.241821
668,32.744889,-117.2395186
669,32.7178746,-117.1458593
670,32.8294811,-117.1272507
671,32.7219749,-117.1611169
672,32.7685795,-117.051498
673,32.7483346,-117.15952
674,32.7251681,-117.2530417
675,32.7382087,-117.2175502
676,32.7231753,-117.2304312
677,32.7686461,-117.0469864
678,32.7902888,-117.1051447
679,32.8034247,-117.1277736
680,32.8020707,-117.2395541
681,32.7840663,-117.1277394
682,32.7136851,-117.1485822
683,32.7178291,-117.1547362
684,32.8649734,-117.2391971
685,32.7115467,-117.1583003
686,33.0225487,-117.0607891
687,32.7059215,-117.0850749
688,32.7487286,-117.0793715
689,32.786482,-117.1702141
690,32.8090582,-117.2076584
691,32.7998144,-117.2330084
692,32.8056007,-117.2210519
693,32.8644416,-117.2008928
694,32.6994936,-117.1433964
695,32.7982267,-117.2383824
696,32.9233138,-117.077159
697,32.8751397,-117.2182601
698,32.7978703,-117.1602004
699,32.7460478,-117.1595084
700,32.7485285,-117.1498856
701,32.9537787,-117.2339629
702,32.7690153,-117.0565109
703,32.9165847,-117.1652662
704,32.7381545,-117.2154321
705,32.585209,-117.0540253
706,32.8203555,-117.1715234
707,32.9367052,-117.0962191
708,32.9374076,-117.1007576
709,32.6889103,-117.0373857
710,32.7451254,-117.1627292
711,32.8323697,-117.2741674
712,32.9696845,-117.0813626
713,32.7487085,-117.2442147
714,32.7499548,-117.1650448
715,32.933958,-117.2365199
716,32.7188361,-117.1610991
717,32.7982267,-117.2383824
718,32.8809782,-117.2180923
719,32.7573075,-117.0836113
720,32.7044475,-117.0850677
721,32.686657,-117.117027
722,32.7993843,-117.2427074
723,32.5764371,-117.0928404
724,32.9155953,-117.1477006
725,32.7959497,-117.2396571
726,32.786482,-117.1702141
727,32.5837284,-117.0403402
728,32.7514676,-117.1044492
729,32.7629005,-117.1289702
730,32.7633881,-117.1249855
731,32.7004566,-117.0958285
732,32.7993911,-117.0229295
733,32.7261123,-117.1702686
734,32.7338599,-117.233584
735,32.8935909,-117.1337958
736,32.8090582,-117.2076584
737,32.8331547,-117.1212279
738,32.8315307,-117.1384621
739,32.9988027,-117.1092213
740,32.8775914,-117.178402
741,32.806709,-117.24099
742,32.8402314,-117.2737317
743,32.8084123,-117.1224865
744,32.8015994,-117.2340404
745,32.6917996,-117.0367916
746,32.7253967,-117.1690131
747,32.7115468,-117.149448
748,32.834428,-117.1915441
749,32.5447636,-117.0459084
750,32.732433,-117.1612147
751,0.0,0.0
752,32.5706026,-117.0840508
753,32.7113678,-117.0542428
754,32.7046306,-117.046115
755,32.780156,-117.101638
756,32.7919328,-117.2404327
757,32.7566034,-117.0548842
758,32.7514371,-117.1019911
759,32.5837668,-117.0927049
760,32.9126209,-117.1439594
761,32.9126209,-117.1439594
762,32.7550923,-117.1061375
763,32.7628699,-117.1351501
764,32.7955368,-117.2512738
765,32.79955169999999,-117.2329144
766,32.8264269,-117.1906465
767,32.711418,-117.0936816
768,32.7728528,-117.0590021
769,32.7158367,-117.1381879
770,32.7963195,-117.0160508
771,32.7754952,-117.0988545
772,32.7213587,-117.1338657
773,32.7629918,-117.06462
774,32.770776,-117.0699017
775,32.7356269,-117.2554462
776,32.7840663,-117.1277394
777,32.8707924,-117.2235221
778,32.7290556,-117.1715529
779,32.7453466,-117.0575313
780,32.7488678,-117.0725705
781,32.7448538,-117.1857166
782,33.0014796,-117.0833437
783,32.7137612,-117.0850491
784,32.711489,-117.1720742
785,32.7421456,-117.1594968
786,32.7499155,-117.2431725
787,32.7464097,-117.1534357
788,32.7707617,-117.162795
789,33.0958189,-117.008812
790,32.8029154,-117.2163566
791,32.7432819,-117.1475273
792,32.8775914,-117.178402
793,32.980971,-117.2483354
794,32.8293508,-117.1530509
795,32.7485071,-117.123968
796,32.9126209,-117.1439594
797,33.0226829,-117.0700909
798,32.7566451,-117.0879223
799,32.770776,-117.0699017
800,32.9620196,-117.0919615
801,32.7157607,-117.1592636
802,32.96346620000001,-117.133992
803,32.7115285,-117.1637652
804,32.8090582,-117.2076584
805,32.7751633,-117.1737356
806,32.7044475,-117.0850677
807,32.8314672,-117.1092149
808,32.7374384,-117.132519
809,32.7339678,-117.2195959
810,32.7040962,-117.0849183
811,32.5837668,-117.0927049
812,32.9589914,-117.20929
813,32.9053502,-117.181536
814,32.753799,-117.2234993
815,32.74695270000001,-117.1615865
816,32.7514089,-117.247153
817,32.81369,-117.0542385
818,32.9620196,-117.0919615
819,32.9365106,-117.0758296
820,32.9763772,-117.0832971
821,32.8031849,-117.1597318
822,32.7043161,-117.1294973
823,32.763422,-117.2095979
824,32.757572,-117.0808288
825,32.7549472,-117.0922319
826,32.7496428,-117.104474
827,33.0210963,-117.1236899
828,32.9068396,-117.1458945
829,32.7632912,-117.1111323
830,32.7084321,-117.1402235
831,32.7157012,-117.1547108
832,32.9239545,-117.0799959
833,32.7322245,-117.2226479
834,32.7946013,-117.254883
835,32.74332589999999,-117.1615533
836,32.8177872,-117.2708486
837,32.7498557,-117.1639174
838,32.7478998,-117.1193188
839,32.7522051,-117.1314167
840,32.5838324,-117.0619883
841,32.7266414,-117.1685873
842,32.5490738,-117.0549602
843,32.8986251,-117.2175718
844,32.9225517,-117.1248935
845,32.9106294,-117.15561
846,32.7256894,-117.2267549
847,32.882127,-117.2201356
848,32.6928022,-117.1336569
849,32.721427,-117.0875823
850,32.54954560000001,-117.0423665
851,32.7495906,-117.2060193
852,32.8309977,-117.1029089
853,32.9612539,-117.1976542
854,32.7189476,-117.0904865
855,32.7524474,-117.2308569
856,32.6968074,-117.0959249
857,32.7540431,-117.1425428
858,32.9968743,-117.0677698
859,32.8107152,-117.1777961
860,32.7708377,-117.0471088
861,32.7567715,-117.1986173
862,32.933958,-117.2365199
863,32.8037174,-117.0136487
864,32.7673529,-117.1392243
865,32.7732915,-117.0466714
866,32.780156,-117.101638
867,32.7597001,-117.0704819
868,32.9024762,-117.2213975
869,32.89861020000001,-117.1227239
870,32.7006603,-117.1450526
871,32.7300592,-117.171994
872,32.7695496,-117.1898249
873,32.7188361,-117.1610991
874,32.8193015,-117.1818048
875,32.93131839999999,-117.1494242
876,32.6919491,-117.1001757
877,32.8344171,-117.1948719
878,32.7807932,-117.1010888
879,32.7469609,-117.1604049
880,32.7884058,-117.2060593
881,32.7499155,-117.2431725
882,32.8327575,-117.1435689
883,32.8012314,-117.0398628
884,32.7472314,-117.0878857
885,32.7861217,-117.1200949
886,32.7521166,-117.2151526
887,32.7012498,-117.1168003
888,32.8331547,-117.1212279
889,32.7241359,-117.0848282
890,32.7571512,-117.1114724
891,32.8391112,-117.2784932
892,32.7214093,-117.084988
893,32.9304213,-117.1507488
894,32.8017949,-117.2316864
895,32.7158584,-117.1295872
896,32.7949912,-117.2530585
897,32.7401088,-117.2289708
898,32.7156815,-117.1555951
899,32.862256,-117.2363411
900,32.8494433,-117.2617226
901,32.7443199,-117.0795966
902,32.8539627,-117.2566065
903,32.7012076,-117.1239676
904,32.924743,-117.0217776
905,32.9053495,-117.1241885
906,32.8969082,-117.1362829
907,32.8781173,-117.1731893
908,32.7304011,-117.1430239
909,32.810177,-117.1509856
910,32.7551265,-117.1103637
911,32.7946013,-117.254883
912,32.7946013,-117.254883
913,32.7339082,-117.0798954
914,32.9470526,-117.0957672
915,32.7484482,-117.1367997
916,32.8278009,-117.0991724
917,32.8308102,-117.2529143
918,32.7153407,-117.076835
919,32.7497041,-117.1118823
920,32.8018351,-117.0498704
921,32.8986251,-117.2175718
922,32.7251186,-117.1602388
923,32.8308443,-117.2059289
924,32.7991671,-117.2347736
925,32.7903717,-117.2033244
926,32.8791337,-117.1625181
927,32.7456586,-117.0587729
928,32.8095131,-117.0678827
929,32.8294433,-117.1788786
930,32.7297719,-117.2278567
931,32.7947485,-117.1242186
932,32.7077266,-117.0850141
933,32.8293508,-117.1530509
934,32.7157012,-117.1547108
935,32.7673529,-117.1392243
936,32.716761,-117.0849418
937,32.5511892,-117.0389513
938,32.711489,-117.1720742
939,32.7484214,-117.1437388
940,32.7085539,-117.073131
941,32.83438270000001,-117.1977437
942,32.7178291,-117.1547362
943,32.7955368,-117.2512738
944,32.7158668,-117.0625501
945,32.7899409,-117.1675537
946,32.9470526,-117.0957672
947,32.973218,-117.0926604
948,32.8337869,-117.2492868
949,32.7040774,-117.0937304
950,32.7157397,-117.1601681
951,32.7950318,-117.2393825
952,0.0,0.0
953,32.9475506,-117.1419351
954,32.834545,-117.247662
955,32.784855,-117.20668
956,32.780156,-117.101638
957,32.8213843,-117.1828927
958,32.576518,-117.1004786
959,32.7902958,-117.2091776
960,32.69940680000001,-117.0748921
961,32.8356745,-117.12667
962,32.7589136,-117.0795592
963,32.7573075,-117.0836113
964,32.7570993,-117.0846961
965,32.7587643,-117.0729028
966,32.8506113,-117.2504902
967,32.8283087,-117.277001
968,32.8504341,-117.2542595
969,32.7946112,-117.1062275
970,32.8216787,-117.1444739
971,32.7996066,-117.01308
972,32.7221059,-117.1638561
973,33.0184894,-117.1478592
974,32.9612539,-117.1976542
975,32.8794512,-117.1725678
976,32.7553718,-117.1413001
977,32.7266414,-117.1685873
978,32.7214093,-117.084988
979,32.6967457,-117.0851619
980,32.7180889,-117.0740712
981,32.7597001,-117.0704819
982,32.9564117,-117.1099216
983,32.7012498,-117.1168003
984,32.7115059,-117.0978466
985,32.8078732,-117.1559561
986,32.7611986,-117.2321581
987,32.7914484,-117.1573394
988,32.7965613,-117.2554747
989,32.7998144,-117.2330084
990,32.8938185,-117.1200046
991,32.755338,-117.1222374
992,32.680237,-117.055931
993,32.8315307,-117.1384621
994,32.8280118,-117.1535532
995,32.6932096,-117.0330597
996,32.9053489,-117.127121
997,32.8938185,-117.1200046
998,32.7495549,-117.0933618
999,32.924085,-117.0830425
1000,32.7356603,-117.1745425
1001,32.7567715,-117.1986173
1002,32.7134221,-117.1572454
1003,32.7573027,-117.1289515
1004,32.7055484,-117.0314581
1005,32.716761,-117.0849418
1006,32.7256071,-117.1505794
1007,33.0186464,-117.0608513
1008,32.9018497,-117.1995516
1009,32.55703,-116.962479
1010,32.905327,-117.147247
1011,32.7303662,-117.2242299
1012,32.6906792,-117.1024896
1013,32.893671,-117.1269984
1014,32.7554061,-117.1301928
1015,32.8393373,-117.095296
1016,32.8638332,-117.2223582
1017,32.7648752,-117.1896819
1018,32.8641904,-117.2362763
1019,32.893671,-117.1269984
1020,32.6959157,-117.1381114
1021,32.5448721,-117.0300163
1022,32.7101133,-117.0914782
1023,32.6967457,-117.0851619
1024,32.678608,-117.034866
1025,32.8438225,-117.2709886
1026,32.7136676,-117.1503754
1027,32.8315307,-117.1384621
1028,32.801354,-117.2246585
1029,32.7474264,-117.1421922
1030,32.7514371,-117.1019911
1031,32.6906792,-117.1024896
1032,32.7219476,-117.1602093
1033,32.7402725,-117.1009304
1034,32.7198909,-117.1611006
1035,32.7282354,-117.1639071
1036,32.6959788,-117.1273008
1037,32.716829,-117.1467674
1038,32.7178211,-117.1556413
1039,32.7551966,-117.1200799
1040,32.9341085,-117.0843722
1041,32.7934337,-117.2557269
1042,32.5606597,-116.9754274
1043,32.8057279,-117.2007522
1044,32.711472,-117.0510102
1045,32.7209178,-117.1602043
1046,32.7428238,-117.1870727
1047,32.713583,-117.086623
1048,32.9053333,-117.1460647
1049,32.7453466,-117.0575313
1050,32.7083884,-117.1485387
1051,32.8326704,-117.1532664
1052,32.8511912,-117.2532319
1053,32.8172788,-117.1807828
1054,32.6938426,-117.1337791
1055,32.786482,-117.1702141
1056,32.745359,-117.2444084
1057,32.7560626,-117.0922059
1058,32.8438225,-117.2709886
1059,32.7208979,-117.1638397
1060,32.7515847,-117.2049385
1061,32.82550010000001,-117.1274051
1062,32.9593675,-117.145961
1063,32.7433263,-117.1603822
1064,32.7157768,-117.1538378
1065,32.9631991,-117.1510815
1066,32.7115285,-117.1637652
1067,32.7615533,-117.2320493
1068,32.7779053,-117.1548776
1069,32.98218,-117.074146
1070,32.7157757,-117.166518
1071,32.8937964,-117.1234396
1072,32.7256894,-117.2267549
1073,32.7993843,-117.2427074
1074,32.8094805,-117.1166715
1075,32.7188659,-117.1547422
1076,32.8938513,-117.1517468
1077,32.5829203,-117.0970211
1078,32.7433263,-117.1603822
1079,32.5764255,-117.0805893
1080,32.8898131,-117.2010026
1081,32.7629004,-117.1302137
1082,32.7496428,-117.104474
1083,32.8085496,-117.0574967
1084,32.7407992,-117.1612811
1085,32.8280834,-117.2420803
1086,32.8336854,-117.1011142
1087,32.7293002,-117.1594628
1088,32.8178119,-117.0938091
1089,32.7068456,-117.1605621
1090,32.96351060000001,-117.0995504
1091,32.7908786,-117.097697
1092,32.6960558,-117.1103254
1093,32.8245997,-117.1459415
1094,32.7554086,-117.127708
1095,32.7366167,-117.1107835
1096,32.7234096,-117.1301955
1097,32.759097,-117.1462621
1098,32.7485285,-117.1498856
1099,32.840851,-117.17823
1100,32.7199099,-117.1711126
1101,32.8216787,-117.1444739
1102,32.5619114,-117.0655529
1103,32.834428,-117.1915441
1104,32.8775914,-117.178402
1105,32.7547337,-117.2171263
1106,32.802313,-117.2200457
1107,32.8090582,-117.2076584
1108,32.9273381,-117.1231601
1109,32.7125714,-117.158315
1110,32.8968773,-117.189109
1111,32.834488,-117.152809
1112,32.7224711,-117.0553672
1113,32.7991671,-117.2347736
1114,32.7125262,-117.1637864
1115,32.9823387,-117.0927556
1116,32.7628788,-117.1326802
1117,32.5683077,-116.9968681
1118,32.8136341,-117.2027956
1119,32.6917996,-117.0367916
1120,0.0,0.0
1121,32.8935909,-117.1337958
1122,32.9689974,-117.0818523
1123,32.7947485,-117.1242186
1124,32.8119483,-117.267412
1125,32.9607117,-117.1921198
1126,32.7234097,-117.1311112
1127,32.8105196,-117.0139945
1128,32.8090582,-117.2076584
1129,32.8003551,-117.2292719
1130,32.6887676,-117.1038107
1131,32.7396744,-117.2519703
1132,32.832566,-117.1638388
1133,32.68578,-117.107773
1134,32.7114809,-117.1691208
1135,32.7050996,-117.0580059
1136,32.7807566,-117.1726381
1137,32.7469609,-117.1604049
1138,32.7411529,-117.1474488
1139,1.0,1.0
1140,32.8938185,-117.1200046
1141,32.9125062,-117.149211
1142,32.7541946,-117.2473809
1143,32.8095824,-117.1444885
1144,32.7188659,-117.1547422
1145,32.7908361,-117.253791
1146,32.799665,-117.2505872
1147,32.7138086,-117.1252794
1148,32.7214692,-117.0935437
1149,32.7116548,-117.1302053
1150,32.7552878,-117.220146
1151,32.7680787,-117.0848669
1152,32.7116548,-117.1302053
1153,32.7531147,-117.0922443
1154,32.5764371,-117.0928404
1155,32.699186,-117.1409883
1156,32.7136676,-117.1503754
1157,32.750374,-117.2081684
1158,32.8069556,-117.2151708
1159,32.783196,-117.0983648
1160,32.7980117,-117.2113687
1161,32.7798885,-117.2361704
1162,32.7625936,-117.0669045
1163,32.7499737,-117.1627666
1164,32.8004495,-117.2469274
1165,32.9827049,-117.2305015
1166,32.8709935,-117.2512354
1167,32.7902958,-117.2091776
1168,32.9852343,-117.1317905
1169,32.5750219,-117.0186733
1170,32.7495906,-117.2060193
1171,32.8326111,-117.1592322
1172,32.7572219,-117.1189943
1173,32.7495549,-117.0933618
1174,32.7754952,-117.0988545
1175,32.9729884,-117.0814428
1176,32.89707130000001,-117.1269338
1177,32.5870793,-117.058107
1178,32.7515847,-117.2049385
1179,32.9053495,-117.1241885
1180,32.7094116,-117.1546532
1181,32.7496145,-117.0987503
1182,32.7157012,-117.1547108
1183,32.7482624,-117.1604481
1184,32.7668992,-117.1534408
1185,32.7579231,-117.079284
1186,32.75681,-117.0868611
1187,32.7588629,-117.1048124
1188,32.755324,-117.0976052
1189,32.7122891,-117.0249324
1190,32.7686461,-117.0469864
1191,32.9827049,-117.2305015
1192,32.9648569,-117.1862545
1193,32.7150873,-117.0978522
1194,32.7515847,-117.2049385
1195,32.9001783,-117.1893885
1196,32.72889,-117.2260351
1197,32.7313787,-117.1639415
1198,32.9232398,-117.0273117
1199,32.7944506,-117.1942593
1200,32.800297,-117.2566392
1201,32.7959497,-117.2396571
1202,32.7442268,-117.1300838
1203,32.7993843,-117.2427074
1204,32.9857168,-117.0754328
1205,32.7381452,-117.0581881
1206,32.7554061,-117.1301928
1207,32.7374348,-117.1230838
1208,32.7113314,-117.0294596
1209,32.7484529,-117.132801
1210,32.9654834,-117.1199158
1211,32.7686766,-117.0448443
1212,32.706367,-117.135986
1213,32.711418,-117.0936816
1214,32.8271144,-117.1442365
1215,32.8506113,-117.2504902
1216,32.7726477,-117.2496765
1217,32.9377966,-117.2576232
1218,32.7307892,-117.1295507
1219,32.7779053,-117.1548776
1220,32.716829,-117.1467674
1221,32.7223649,-117.1311141
1222,32.76103330000001,-117.1326784
1223,32.9852343,-117.1317905
1224,32.8004495,-117.2469274
1225,32.5568531,-116.9320118
1226,32.8724522,-117.2141439
1227,32.7116548,-117.1302053
1228,32.810177,-117.1509856
1229,32.9589914,-117.20929
1230,32.7496428,-117.104474
1231,32.6959973,-117.1231974
1232,32.7125789,-117.1610627
1233,32.7149638,-117.1116728
1234,32.8676266,-117.2190701
1235,32.8939992,-117.239286
1236,32.7549082,-117.0857822
1237,32.7902888,-117.1051447
1238,32.7062866,-117.1448991
1239,32.6928022,-117.1336569
1240,32.8724522,-117.2141439
1241,32.8857864,-117.2439582
1242,32.6928022,-117.1336569
1243,32.6959973,-117.1231974
1244,32.7507396,-117.2385423
1245,32.8935909,-117.1337958
1246,32.7551867,-117.1462665
1247,32.8061734,-117.2525828
1248,32.9239545,-117.0799959
1249,32.8976403,-117.1025678
1250,0.0,0.0
1251,32.8200022,-117.1530939
1252,32.6890466,-117.0464344
1253,32.7944506,-117.1942593
1254,32.6859289,-117.1254813
1255,32.7407992,-117.1612811
1256,32.8295418,-117.1123893
1257,32.6882871,-117.0488367
1258,32.7633902,-117.0974815
1259,32.8882253,-117.1454568
1260,32.8191703,-117.0927944
1261,32.7774619,-117.1324605
1262,32.8094805,-117.1166715
1263,32.7089617,-117.164183
1264,32.711489,-117.1720742
1265,32.7528215,-117.1649761
1266,32.769116,-117.1910397
1267,32.7256894,-117.2267549
1268,32.7188659,-117.1547422
1269,32.6939731,-117.1023817
1270,32.7123971,-117.0849724
1271,32.7523379,-117.2039196
1272,32.7514371,-117.1019911
1273,32.7115384,-117.1485531
1274,32.8335628,-117.1787487
1275,32.9813306,-117.072304
1276,32.5733739,-117.0540188
1277,32.8638332,-117.2223582
1278,32.7484547,-117.1351017
1279,32.7495906,-117.2060193
1280,0.0,0.0
1281,32.7488678,-117.0725705
1282,32.8501461,-117.2039528
1283,32.5771311,-117.0227087
1284,32.7514055,-117.0976387
1285,32.7497616,-117.1180585
1286,32.8860898,-117.1494637
1287,32.8267939,-117.1543599
1288,32.8331547,-117.1212279
1289,32.7540431,-117.1425428
1290,32.7496047,-117.0976821
1291,32.7364857,-117.1752805
1292,32.7441753,-117.2124846
1293,32.7006603,-117.1450526
1294,32.7520664,-117.14927
1295,32.7115567,-117.1440048
1296,32.7188538,-117.1592903
1297,32.7177856,-117.1610932
1298,32.8229444,-117.1839486
1299,32.7255565,-117.1720772
1300,32.7123725,-117.0372858
1301,32.8172788,-117.1807828
1302,32.8283429,-117.2024685
1303,32.7157757,-117.166518
1304,32.8937964,-117.1234396
1305,32.7068456,-117.1605621
1306,32.7442502,-117.0536478
1307,33.0170774,-117.0760796
1308,32.8925981,-117.1533914
1309,32.6827253,-117.1095898
1310,32.755338,-117.1222374
1311,32.7208979,-117.1638397
1312,32.7198909,-117.1611006
1313,32.7531147,-117.0922443
1314,32.7474637,-117.1512248
1315,32.7514371,-117.1019911
1316,32.7101856,-117.0639945
1317,32.74332589999999,-117.1615533
1318,32.9537787,-117.2339629
1319,32.9162893,-117.2371399
1320,32.7925986,-117.122797
1321,32.8709935,-117.2512354
1322,32.7115468,-117.149448
1323,32.800201,-117.238991
1324,32.7308025,-117.0891091
1325,32.7686461,-117.0469864
1326,32.7496349,-117.1106601
1327,32.7551158,-117.1093992
1328,32.7115467,-117.1583003
1329,32.8109803,-117.2306713
1330,32.7996066,-117.01308
1331,32.7946112,-117.1062275
1332,32.7861792,-117.0566829
1333,32.8087626,-117.1189828
1334,32.7441154,-117.2507877
1335,32.7484547,-117.1351017
1336,32.8058106,-117.2241965
1337,32.802313,-117.2200457
1338,33.0203331,-117.0748132
1339,32.8886135,-117.1676222
1340,32.7732915,-117.0466714
1341,32.7755941,-117.141047
1342,32.5523605,-117.0445285
1343,32.6967457,-117.0851619
1344,32.7494798,-117.0879906
1345,32.7064409,-117.1252422
1346,32.7326275,-117.1752147
1347,32.8110852,-117.1534321
1348,32.5569045,-116.9360331
1349,0.0,0.0
1350,32.7840663,-117.1277394
1351,32.8087626,-117.1189828
1352,32.6841261,-117.033428
1353,32.5460325,-117.0312798
1354,32.7150873,-117.0978522
1355,32.8737755,-117.2097834
1356,32.9595202,-117.1155271
1357,32.8391112,-117.2784932
1358,32.8937835,-117.1309998
1359,32.9346191,-117.2082156
1360,32.7012595,-117.1155647
1361,32.6928022,-117.1336569
1362,32.9353826,-117.0885809
1363,32.7464305,-117.144962
1364,32.710475,-117.1619649
1365,32.7997264,-117.09169
1366,32.7955368,-117.2512738
1367,32.7198909,-117.1611006
1368,32.71784,-117.1537019
1369,32.7512034,-117.1514293
1370,32.7040962,-117.0849183
1371,32.7374413,-117.1293325
1372,32.8134795,-117.1525877
1373,32.5728198,-117.0970861
1374,32.7488678,-117.0725705
1375,32.7115285,-117.1637652
1376,32.5764371,-117.0928404
1377,32.5603865,-117.0628924
1378,32.7552129,-117.1388452
1379,33.0413257,-117.061035
1380,32.7214823,-117.2318406
1381,32.8242654,-117.2553648
1382,32.7719914,-117.2511207
1383,32.6918518,-117.1245312
1384,32.7125339,-117.1711418
1385,32.7583934,-117.1972671
1386,32.7401169,-117.1190858
1387,32.7012757,-117.1125159
1388,32.6939538,-117.1081206
1389,32.7063407,-117.1402135
1390,32.8283429,-117.2024685
1391,32.9027456,-117.1241047
1392,32.7584797,-117.0749464
1393,32.7188324,-117.1638747
1394,32.90699439999999,-117.1741806
1395,32.7410111,-117.1411586
1396,32.7520664,-117.14927
1397,32.7553718,-117.1413001
1398,32.7072999,-117.1592216
1399,33.0186464,-117.0608513
1400,32.8327575,-117.1435689
1401,32.870825,-117.226909
1402,0.0,0.0
1403,32.9259326,-117.158198
1404,32.7540512,-117.1375916
1405,32.7497382,-117.1155883
1406,32.8377514,-117.1959267
1407,32.7902888,-117.1051447
1408,32.7485687,-117.1512519
1409,32.8335628,-117.1787487
1410,32.8327575,-117.1435689
1411,1.0,1.0
1412,32.7108999,-117.1602719
1413,32.9158417,-117.1130063
1414,32.7409782,-117.1368026
1415,32.7245702,-117.1716749
1416,32.7033694,-117.0429026
1417,32.7460478,-117.1595084
1418,32.7514573,-117.1032332
1419,32.755324,-117.0976052
1420,32.7697588,-117.0719154
1421,32.8387229,-116.981533
1422,32.7040774,-117.0937304
1423,32.7899409,-117.1675537
1424,32.7902888,-117.1051447
1425,32.7902888,-117.1051447
1426,32.91622050000001,-117.1299677
1427,32.7308404,-117.1694694
1428,32.8230722,-117.1648276
1429,32.7168273,-117.1547243
1430,32.7014259,-117.0668414
1431,32.9218869,-117.0419009
1432,32.9470526,-117.0957672
1433,32.5730366,-117.0184587
1434,32.8781173,-117.1731893
1435,32.7092821,-117.0679948
1436,32.7496428,-117.104474
1437,32.7552098,-117.1039985
1438,32.7531522,-117.0976227
1439,32.7156744,-117.1583393
1440,32.8049404,-117.1752608
1441,32.7166908,-117.1638344
1442,32.69264800000001,-117.139384
1443,32.7240323,-117.0779226
1444,32.82550010000001,-117.1274051
1445,32.8327004,-117.148884
1446,32.8023037,-117.2474914
1447,32.6968047,-117.0894589
1448,32.755338,-117.1222374
1449,32.7462048,-117.1731616
1450,32.7551936,-117.1008364
1451,32.8786517,-117.1648778
1452,32.7955368,-117.2512738
1453,32.7725717,-117.1573225
1454,32.7977588,-117.2500049
1455,32.7100136,-117.0691517
1456,32.8944466,-117.1467372
1457,32.7708377,-117.0471088
1458,32.7157607,-117.1592636
1459,32.7025003,-117.0307542
1460,32.8189513,-117.2542219
1461,32.8332591,-117.2027506
1462,32.8218864,-117.1488236
1463,32.8969082,-117.1362829
1464,32.7569527,-117.0857833
1465,32.7544664,-117.2362507
1466,32.7059215,-117.0850749
1467,32.7497883,-117.1713933
1468,32.7221059,-117.1638561
1469,32.5448721,-117.0300163
1470,32.8180813,-117.1776534
1471,32.7483272,-117.2471583
1472,32.7716354,-117.0700025
1473,32.5806379,-117.0926795
1474,32.7136317,-117.1546731
1475,32.7111488,-117.1682078
1476,32.8801044,-117.1785066
1477,32.9554415,-117.229761
1478,32.7136546,-117.1528358
1479,32.7929607,-117.0928873
1480,32.8308639,-117.1532554
1481,32.8212808,-117.0978956
1482,32.8326111,-117.1592322
1483,32.9363474,-117.1076013
1484,32.7673529,-117.1392243
1485,32.7984594,-117.1263094
1486,32.7669327,-117.153284
1487,32.8033573,-117.0177408
1488,32.7241359,-117.0848282
1489,32.7214093,-117.084988
1490,32.7227315,-117.0861602
1491,32.7365735,-117.1032135
1492,33.0358615,-117.0603355
1493,32.7840663,-117.1277394
1494,32.7514808,-117.1069467
1495,32.5733739,-117.0540188
1496,32.6659422,-117.0579504
1497,32.784078,-117.0939571
1498,32.7402303,-117.1473312
1499,32.76437,-117.0834268
1500,32.5646629,-117.0784845
1501,32.7955368,-117.2512738
1502,32.9775607,-117.090327
1503,32.7496593,-117.1056954
1504,32.7742032,-117.0977509
1505,32.79781670000001,-117.2402422
1506,32.7359246,-117.079677
1507,32.7188324,-117.1638747
1508,32.7094116,-117.1546532
1509,32.79781670000001,-117.2402422
1510,32.9408562,-117.1147639
1511,32.7286056,-117.2257375
1512,32.7583197,-117.0761142
1513,32.719898,-117.1601885
1514,32.8935909,-117.1337958
1515,32.8707924,-117.2235221
1516,32.9775607,-117.090327
1517,32.753862,-117.2025256
1518,32.832566,-117.1638388
1519,32.7188086,-117.1664926
1520,32.8087626,-117.1189828
1521,0.0,0.0
1522,32.845985,-117.268646
1523,32.8388292,-117.2796746
1524,32.8699533,-117.2070846
1525,32.793957,-117.239098
1526,32.8193015,-117.1818048
1527,32.7484507,-117.1388022
1528,32.7781648,-117.1006223
1529,32.8178119,-117.0938091
1530,32.7929778,-117.0186966
1531,32.8133164,-117.0063559
1532,32.798172,-117.248177
1533,32.715825,-117.1402802
1534,32.6828623,-117.0373061
1535,32.8076825,-117.2549759
1536,32.7022985,-117.0937378
1537,33.0051686,-117.0924771
1538,32.780156,-117.101638
1539,32.6939731,-117.1023817
1540,33.0288183,-117.0566873
1541,32.8775914,-117.178402
1542,32.8203555,-117.1715234
1543,32.7993546,-117.2563467
1544,32.7544664,-117.2362507
1545,32.8079273,-117.1061251
1546,32.7525769,-117.2293565
1547,32.7719914,-117.2511207
1548,32.5629003,-117.055936
1549,32.9746262,-117.1315092
1550,32.9852343,-117.1317905
1551,32.7109108,-117.0580697
1552,32.8970266,-117.1233735
1553,32.8049404,-117.1752608
1554,32.8013808,-117.1596678
1555,32.7484628,-117.1300905
1556,32.9273116,-117.158225
1557,32.8775914,-117.178402
1558,32.920818,-117.149544
1559,32.831371,-117.266693
1560,32.7929003,-117.0995177
1561,32.8882253,-117.1454568
1562,32.7484214,-117.1437388
1563,32.5568531,-116.9320118
1564,32.7754952,-117.0988545
1565,32.5520416,-117.0430165
1566,32.5734523,-117.0375175
1567,32.7515847,-117.2049385
1568,32.6954593,-117.0894458
1569,32.7499155,-117.2431725
1570,32.7137612,-117.0850491
1571,32.7610117,-117.1376197
1572,32.8223379,-117.1322447
1573,32.7935903,-117.0832688
1574,32.685775,-117.0421609
1575,32.5678688,-116.9667018
1576,32.7672144,-117.1158179
1577,32.7497616,-117.1180585
1578,32.7022255,-117.1294815
1579,32.8203555,-117.1715234
1580,32.8714036,-117.218203
1581,32.7913259,-117.1630461
1582,32.6992659,-117.0275506
1583,32.9266479,-117.1552406
1584,32.7495906,-117.2060193
1585,32.8057279,-117.2007522
1586,32.8232059,-117.1010178
1587,32.786482,-117.1702141
1588,32.7372234,-117.1024651
1589,32.82860429999999,-117.1933197
1590,32.80669930000001,-117.0789629
1591,32.8328356,-117.1266632
1592,32.852432,-117.253868
1593,32.8289457,-117.1629824
1594,32.685055,-117.107697
1595,32.7188324,-117.1638747
1596,32.7521857,-117.1388355
1597,32.7584797,-117.0749464
1598,32.8056007,-117.2210519
1599,32.7450638,-117.1437121
1600,32.7497041,-117.1118823
1601,32.7927511,-117.254304
1602,32.7742032,-117.0977509
1603,32.7687143,-117.0492983
1604,32.5604888,-116.9574314
1605,32.7177976,-117.1601731
1606,32.7617243,-117.1666055
1607,32.8049404,-117.1752608
1608,32.7083836,-117.1519053
1609,32.7481015,-117.2447355
1610,32.723236,-117.2386054
1611,32.7502721,-117.1563654
1612,32.809781,-117.1400592
1613,32.6968281,-117.0980723
1614,32.862256,-117.2363411
1615,32.8791337,-117.1625181
1616,32.9201139,-117.119941
1617,32.7156815,-117.1555951
1618,32.7495499,-117.0923034
1619,32.7091101,-117.0710873
1620,32.813801,-117.217484
1621,32.7732915,-117.0466714
1622,32.7955368,-117.2512738
1623,32.7253967,-117.1690131
1624,32.7115468,-117.149448
1625,32.7198842,-117.1638503
1626,32.7495816,-117.1110905
1627,32.9875364,-117.0891479
1628,32.7113314,-117.0294596
1629,32.7497713,-117.1192948
1630,32.7202111,-117.0850229
1631,32.9352371,-117.0601495
1632,32.7456586,-117.0587729
1633,32.7496349,-117.1106601
1634,32.7188659,-117.1547422
1635,32.7496428,-117.104474
1636,32.7219749,-117.1611169
1637,32.7028912,-117.0448797
1638,32.7579231,-117.079284
1639,32.7469738,-117.1595248
1640,32.8019111,-117.215335
1641,32.9158417,-117.1130063
1642,32.7368836,-117.1010722
1643,32.8037174,-117.0136487
1644,32.6928022,-117.1336569
1645,32.7633327,-117.1162326
1646,32.7563581,-117.0900766
1647,32.7474637,-117.1512248
1648,32.7531147,-117.0922443
1649,32.8191649,-117.2761176
1650,32.8714036,-117.218203
1651,32.7146908,-117.1583404
1652,32.7188763,-117.155663
1653,32.89861020000001,-117.1227239
1654,32.7392541,-117.1293295
1655,32.7963273,-117.2476232
1656,32.7608635,-117.0761147
1657,32.7633902,-117.0974815
1658,32.9683728,-117.1292685
1659,0.0,0.0
1660,32.7547432,-117.0583095
1661,32.7012917,-117.1103666
1662,32.720892,-117.1647688
1663,32.8094805,-117.1166715
1664,32.740713,-117.0712537
1665,32.7560626,-117.0922059
1666,32.7223181,-117.1275107
1667,32.7597001,-117.0704819
1668,32.7451259,-117.161563
1669,32.770117,-117.0860717
1670,32.7669411,-117.0573397
1671,32.7326275,-117.1752147
1672,32.7475683,-117.1368111
1673,32.7369724,-117.0900123
1674,32.924085,-117.0830425
1675,32.8397265,-117.1276279
1676,32.7064034,-117.1295415
1677,32.8209361,-117.1715177
1678,32.770776,-117.0699017
1679,32.7521166,-117.2151526
1680,32.7977588,-117.2500049
1681,32.5764371,-117.0928404
1682,32.7471458,-117.2402206
1683,32.7705524,-117.0650954
1684,32.7104723,-117.1467294
1685,32.8110852,-117.1534321
1686,32.7188393,-117.1601783
1687,32.710452,-117.1538566
1688,32.9173235,-117.1204832
1689,32.7012101,-117.1251819
1690,32.7716354,-117.0700025
1691,32.719898,-117.1601885
1692,32.8195164,-117.126563
1693,32.7114604,-117.1141665
1694,32.7993546,-117.2563467
1695,32.7059215,-117.0850749
1696,32.8724522,-117.2141439
1697,32.7554853,-117.096523
1698,32.7496047,-117.0976821
1699,32.8037174,-117.0136487
1700,32.7548929,-117.0825987
1701,32.763422,-117.2095979
1702,32.9554415,-117.229761
1703,32.719898,-117.1601885
1704,32.727982,-117.226334
1705,32.7633601,-117.119484
1706,32.5600293,-116.9278371
1707,32.8075055,-117.2193254
1708,32.8028898,-117.2265867
1709,32.9129171,-117.1385202
1710,32.798973,-117.244522
1711,32.7993843,-117.2427074
1712,32.7209178,-117.1602043
1713,32.6723139,-117.0615497
1714,32.7554086,-117.127708
1715,32.7569527,-117.0857833
1716,32.9126209,-117.1439594
1717,32.7531422,-117.0954767
1718,32.7315753,-117.2232117
1719,32.7041688,-117.1056189
1720,32.8212808,-117.0978956
1721,32.7541112,-117.2137637
1722,32.8332591,-117.2027506
1723,32.7969042,-117.2399557
1724,32.7012101,-117.1251819
1725,32.8308766,-117.2806769
1726,32.9363474,-117.1076013
1727,32.7899409,-117.1675537
1728,0.0,0.0
1729,32.7707475,-117.0844344
1730,32.7120433,-117.1622413
1731,32.5638273,-117.0846524
1732,32.7400694,-117.2161228
1733,32.685497,-117.115356
1734,32.753139,-117.0965434
1735,32.8091274,-117.2300308
1736,32.802567,-117.24173
1737,32.770117,-117.0860717
1738,32.944535,-117.1533209
1739,32.7475121,-117.1982492
1740,32.799065,-117.182533
1741,32.6890466,-117.0464344
1742,32.8775914,-117.178402
1743,32.9173235,-117.1204832
1744,32.6959965,-117.1189219
1745,32.7559604,-117.0929375
1746,32.752214,-117.130173
1747,32.9255281,-117.1276027
1748,32.7514573,-117.1032332
1749,32.7451544,-117.0860628
1750,32.9374076,-117.1007576
1751,32.7351143,-117.1049117
1752,0.0,0.0
1753,32.7250413,-117.1735078
1754,32.9517395,-117.2394244
1755,32.7487286,-117.0793715
1756,32.7351143,-117.1049117
1757,32.7680787,-117.0848669
1758,32.7495906,-117.2060193
1759,32.7494164,-117.08699
1760,32.9469527,-117.0782323
1761,32.7126281,-117.1503655
1762,32.7376253,-117.1699127
1763,32.5672614,-117.0580944
1764,32.893671,-117.1269984
1765,32.8087626,-117.1189828
1766,32.7168126,-117.1485888
1767,32.7584797,-117.0749464
1768,32.7157607,-117.1592636
1769,32.7147867,-117.1381891
1770,32.9441742,-117.1474888
1771,32.7356329,-117.1293159
1772,32.9224322,-117.1485683
1773,32.933958,-117.2365199
1774,32.9065742,-117.1747282
1775,0.0,0.0
1776,32.7456586,-117.0587729
1777,32.8017756,-117.2149804
1778,32.748367,-117.1583926
1779,32.8688667,-117.203963
1780,32.6919491,-117.1001757
1781,32.8280118,-117.1535532
1782,32.7530982,-117.0911662
1783,32.8684981,-117.2248991
1784,32.762058,-117.119213
1785,32.6844389,-117.1036502
1786,32.7261123,-117.1702686
1787,32.7974417,-117.1933318
1788,32.7188393,-117.1601783
1789,32.755467,-117.201201
1790,32.7812278,-117.1314273
1791,32.7484529,-117.132801
1792,32.7991671,-117.2347736
1793,32.9128883,-117.1242697
1794,32.7628699,-117.1351501
1795,32.7673529,-117.1392243
1796,32.7686766,-117.0448443
1797,0.0,0.0
1798,32.7912044,-117.1725088
1799,32.5838312,-117.0301102
1800,32.7499155,-117.2431725
1801,32.7115059,-117.0978466
1802,32.7214093,-117.084988
1803,32.5440378,-117.0291138
1804,32.7427123,-117.0923348
1805,32.7443199,-117.0795966
1806,32.7178291,-117.1547362
1807,32.8318107,-117.276584
1808,32.7522098,-117.1351324
1809,32.7449586,-117.2500601
1810,32.7634348,-117.1951774
1811,32.7573075,-117.0836113
1812,32.8328356,-117.1266632
1813,32.7549318,-117.0890069
1814,32.7303308,-117.1612062
1815,32.7231753,-117.2304312
1816,32.880478,-117.188751
1817,32.8768526,-117.21836
1818,32.6928198,-117.1294546
1819,32.9050341,-117.0847517
1820,32.8377379,-117.1268195
1821,32.706367,-117.135986
1822,32.5837759,-117.0840977
1823,32.7566451,-117.0879223
1824,32.7894639,-117.1087928
1825,32.6773897,-117.0401944
1826,32.9074873,-117.1713807
1827,32.7424501,-117.2185274
1828,32.9233138,-117.077159
1829,32.89615089999999,-117.0992445
1830,32.7894639,-117.1087928
1831,32.7551867,-117.1462665
1832,32.7243798,-117.2294148
1833,32.7483346,-117.15952
1834,32.737267,-117.2305981
1835,32.7499155,-117.2431725
1836,32.74792900000001,-117.211952
1837,32.748436,-117.1412764
1838,32.7613114,-117.0669206
1839,0.0,0.0
1840,32.7489429,-117.1713706
1841,0.0,0.0
1842,32.7484507,-117.1388022
1843,32.5520416,-117.0430165
1844,32.7498918,-117.1604573
1845,32.8090582,-117.2076584
1846,32.7827648,-117.2366369
1847,32.9024762,-117.2213975
1848,32.9032299,-117.1990563
1849,32.7996697,-117.013183
1850,32.8820012,-117.156174
1851,32.9607117,-117.1921198
1852,32.9126209,-117.1439594
1853,32.7170338,-117.1578383
1854,32.7188763,-117.155663
1855,32.7871498,-117.2535593
1856,32.7673529,-117.1392243
1857,32.7366598,-117.1585654
1858,32.7574129,-117.1937404
1859,32.7895867,-117.2059746
1860,32.5603865,-117.0628924
1861,32.8308877,-117.1488604
1862,32.770117,-117.0860717
1863,32.7680903,-117.1539421
1864,32.7840663,-117.1277394
1865,32.788151,-117.2402033
1866,32.7496349,-117.1106601
1867,32.980971,-117.2483354
1868,32.8267939,-117.1543599
1869,32.719898,-117.1601885
1870,32.761046,-117.1302098
1871,32.7304178,-117.2258048
1872,32.752214,-117.130173
1873,32.9455706,-117.0839888
1874,32.8222396,-117.1248803
1875,32.9239013,-117.0182181
1876,32.8315307,-117.1384621
1877,32.7898199,-117.0977073
1878,32.5660561,-117.051167
1879,32.7553089,-117.117929
1880,32.7499795,-117.1616401
1881,32.7125787,-117.1592243
1882,32.7666919,-117.067268
1883,32.5440378,-117.0291138
1884,32.7495906,-117.2060193
1885,32.7012589,-117.1135797
1886,32.79781670000001,-117.2402422
1887,32.7629918,-117.06462
1888,32.89615089999999,-117.0992445
1889,32.7860165,-117.2064736
1890,32.7463945,-117.1512185
1891,32.7544664,-117.2362507
1892,33.02638,-117.0824191
1893,32.8714036,-117.218203
1894,32.82860429999999,-117.1933197
1895,32.7487286,-117.0793715
1896,32.7707475,-117.0844344
1897,32.7944506,-117.1942593
1898,32.8171515,-117.1548985
1899,32.6928198,-117.1294546
1900,32.7495549,-117.0933618
1901,32.8079143,-117.2267727
1902,32.7214093,-117.084988
1903,32.716761,-117.0849418
1904,32.5520416,-117.0430165
1905,32.5733739,-117.0540188
1906,32.758989,-117.1130973
1907,32.7484412,-117.1400528
1908,32.715825,-117.1402802
1909,32.80665949999999,-117.2126049
1910,32.7705524,-117.0650954
1911,32.8141471,-117.1793222
1912,32.7199041,-117.1593048
1913,32.7552016,-117.1437718
1914,32.798569,-117.246361
1915,32.723229,-117.1076182
1916,32.7114604,-117.1141665
1917,32.5537889,-117.0480025
1918,32.7551936,-117.1008364
1919,32.7097323,-117.022776
1920,32.769562,-117.152707
1921,32.8267939,-117.1543599
1922,32.7135693,-117.1655761
1923,32.8938185,-117.1200046
1924,32.8327575,-117.1435689
1925,32.8820012,-117.156174
1926,32.7083836,-117.1519053
1927,32.7083884,-117.1485387
1928,32.9620196,-117.0919615
1929,33.0170774,-117.0760796
1930,32.8897601,-117.1427999
1931,32.7662296,-117.1836543
1932,32.801394,-117.2335118
1933,32.7157757,-117.1674125
1934,0.0,0.0
1935,32.7812278,-117.1314273
1936,32.82937700000001,-117.1034486
1937,32.7115391,-117.159216
1938,32.7879362,-117.0645599
1939,32.9355964,-117.1260709
1940,32.8283429,-117.2024685
1941,32.7474586,-117.1534532
1942,32.7801803,-117.097475
1943,32.7695034,-117.0589972
1944,32.7936796,-117.2545925
1945,32.8056007,-117.2210519
1946,32.9786966,-117.1331812
1947,32.7104587,-117.084947
1948,32.7498918,-117.1604573
1949,32.7530686,-117.0869018
1950,32.7131445,-117.0580506
1951,32.7256071,-117.1505794
1952,32.8013181,-117.196891
1953,32.7188324,-117.1638747
1954,32.7977588,-117.2500049
1955,32.5507856,-117.0451742
1956,32.9024762,-117.2213975
1957,32.980971,-117.2483354
1958,32.69604,-117.112461
1959,32.7984594,-117.1263094
1960,32.8084123,-117.1224865
1961,32.7959497,-117.2396571
1962,32.84737399999999,-117.277367
1963,32.7487286,-117.0793715
1964,32.7126378,-117.1494626
1965,32.9548861,-117.1315644
1966,32.7188763,-117.155663
1967,0.0,0.0
1968,32.6638974,-117.0614605
1969,32.8946069,-117.1676231
1970,32.8935909,-117.1337958
1971,32.6937225,-117.070172
1972,32.7421456,-117.1594968
1973,0.0,0.0
1974,32.7004549,-117.0937367
1975,32.8199809,-117.1549836
1976,0.0,0.0
1977,32.804221,-117.1640297
1978,32.5540604,-116.9424315
1979,32.8809782,-117.2180923
1980,32.7758465,-117.1554322
1981,32.7533332,-117.2455319
1982,32.7965232,-117.070752
1983,32.7725717,-117.1573225
1984,32.7553348,-117.1512478
1985,32.834428,-117.1915441
1986,32.798569,-117.246361
1987,32.8462505,-117.2715148
1988,32.7040962,-117.0849183
1989,32.7188763,-117.155663
1990,32.6859289,-117.1254813
1991,32.7136317,-117.1546731
1992,32.7912978,-117.1978976
1993,32.9519646,-117.1319708
1994,32.7899409,-117.1675537
1995,32.804436,-117.242302
1996,32.825268,-117.191963
1997,32.7157541,-117.1503981
1998,32.7496164,-117.1069399
1999,0.0,0.0
2000,32.9165455,-117.1259224
2001,32.7115747,-117.1424613
2002,32.7119925,-117.0901214
2003,32.7209053,-117.1629491
2004,32.6937225,-117.070172
2005,32.8724522,-117.2141439
2006,32.8257972,-117.1038921
2007,32.7251318,-117.1611527
2008,32.6970769,-117.1167777
2009,32.91622050000001,-117.1299677
2010,32.8775914,-117.178402
2011,32.7371064,-117.0922623
2012,32.7947485,-117.1242186
2013,32.7956528,-117.2552046
2014,32.7966321,-117.1608042
2015,32.8201984,-117.1650846
2016,32.9106294,-117.15561
2017,33.0170774,-117.0760796
2018,32.7965232,-117.070752
2019,32.7041303,-117.150068
2020,32.5934398,-117.0841152
2021,32.8321865,-117.1787835
2022,32.8373235,-117.0927195
2023,32.8017756,-117.2149804
2024,32.7955368,-117.2512738
2025,32.8069556,-117.2151708
2026,32.7256894,-117.2267549
2027,32.7487085,-117.2442147
2028,32.5764371,-117.0928404
2029,32.7707475,-117.0844344
2030,32.8504341,-117.2542595
2031,32.76437,-117.0834268
2032,33.0226829,-117.0700909
2033,32.7551936,-117.1008364
2034,32.6917996,-117.0367916
2035,33.0216836,-117.1418135
2036,32.813801,-117.217484
2037,32.7491156,-117.1208639
2038,32.836026,-117.1870553
2039,32.7131422,-117.0679491
2040,32.9476298,-117.1341233
2041,32.7648752,-117.1896819
2042,32.7188763,-117.155663
2043,32.5684339,-117.0995995
2044,32.8327004,-117.148884
2045,32.6934118,-117.1189
2046,32.7351734,-117.1010971
2047,32.8707924,-117.2235221
2048,32.7515385,-117.1131259
2049,32.9243294,-117.1192417
2050,32.773565,-117.1541069
2051,32.8049013,-117.141881
2052,32.70013,-117.1295183
2053,32.8938185,-117.1200046
2054,32.8767789,-117.186318
2055,32.8779055,-117.1725625
2056,32.7496428,-117.104474
2057,32.9509873,-117.2408948
2058,32.7158584,-117.1295872
2059,32.7571371,-117.1104065
2060,32.9857168,-117.0754328
2061,32.7551867,-117.1462665
2062,32.7805711,-117.2363919
2063,32.7687254,-117.0426288
2064,32.7273567,-117.1698529
2065,32.7589302,-117.0935382
2066,32.743443,-117.243401
2067,32.7499795,-117.1616401
2068,32.7590321,-117.0920838
2069,32.8941559,-117.150389
2070,32.7207587,-117.1097053
2071,32.8203555,-117.1715234
2072,32.7799614,-117.1104185
2073,32.7540541,-117.1363687
2074,32.7799614,-117.1104185
2075,32.780531,-117.2045404
2076,32.7188393,-117.1601783
2077,32.7193728,-117.1495007
2078,32.7669327,-117.153284
2079,32.8309977,-117.1029089
2080,32.7861217,-117.1200949
2081,32.8331547,-117.1212279
2082,32.7965613,-117.2554747
2083,32.810177,-117.1509856
2084,32.88195,-117.196861
2085,32.753862,-117.2025256
2086,32.7067384,-117.1225527
2087,32.7453466,-117.0575313
2088,32.8820012,-117.156174
2089,32.8308639,-117.1532554
2090,32.82937700000001,-117.1034486
2091,32.7032546,-117.1317179
2092,32.797291,-117.2380912
2093,32.8003551,-117.2292719
2094,32.7190987,-117.2343977
2095,32.8767479,-117.2074688
2096,32.7993843,-117.2427074
2097,32.9470526,-117.0957672
2098,32.5806379,-117.0926795
2099,32.7707475,-117.0844344
2100,32.7213412,-117.1329494
2101,32.990767,-117.0721554
2102,32.7198909,-117.1611006
2103,32.7697255,-117.0606619
2104,32.69383,-117.1359317
2105,32.7922831,-117.1572677
2106,32.7219318,-117.1629511
2107,32.57684080000001,-117.0689119
2108,32.7125893,-117.1546773
2109,32.711472,-117.0510102
2110,32.7860165,-117.2064736
2111,32.7188659,-117.1547422
2112,32.7919328,-117.2404327
2113,32.7004549,-117.0937367
2114,32.7188726,-117.1565619
2115,32.7849693,-117.0939522
2116,32.9125062,-117.149211
2117,32.7472846,-117.2454371
2118,32.802567,-117.24173
2119,32.8087626,-117.1189828
2120,32.7430483,-117.2490491
2121,32.8327004,-117.148884
2122,32.7541409,-117.204919
2123,32.7591728,-117.0682544
2124,32.711489,-117.1720742
2125,32.7293076,-117.1997407
2126,32.7974417,-117.1933318
2127,32.8775914,-117.178402
2128,33.0203331,-117.0748132
2129,32.9053333,-117.1460647
2130,32.677803,-117.062302
2131,32.8018351,-117.0498704
2132,32.7899409,-117.1675537
2133,32.7949912,-117.2530585
2134,32.7420191,-117.1617077
2135,32.7012101,-117.1251819
2136,33.0528823,-117.0671952
2137,32.7455987,-117.1228683
2138,32.8964603,-117.1310476
2139,32.780156,-117.101638
2140,32.5764371,-117.0928404
2141,32.7115467,-117.1583003
2142,32.9053489,-117.127121
2143,32.7520664,-117.14927
2144,32.8114291,-117.2600949
2145,32.5733739,-117.0540188
2146,32.7006603,-117.1450526
2147,32.93131839999999,-117.1494242
2148,32.8741084,-117.2073531
2149,32.7497301,-117.1143694
2150,32.8377514,-117.1959267
2151,32.7074353,-117.0327402
2152,32.69721630000001,-117.1400931
2153,33.0287195,-117.0594072
2154,32.7569527,-117.0857833
2155,32.7214093,-117.084988
2156,32.5683077,-116.9968681
2157,32.7566451,-117.0879223
2158,32.5819959,-117.0926761
2159,32.931723,-117.2500232
2160,32.712644,-117.1485776
2161,32.780999,-117.1694407
2162,32.9024762,-117.2213975
2163,32.7158434,-117.1337654
2164,32.832566,-117.1638388
2165,32.813801,-117.217484
2166,32.770776,-117.0699017
2167,32.7219598,-117.1711035
2168,32.6906792,-117.1024896
2169,32.747919,-117.0715243
2170,32.7487286,-117.0793715
2171,32.7547337,-117.2171263
2172,32.7550923,-117.1061375
2173,32.7467867,-117.1193279
2174,32.7541409,-117.204919
2175,32.71784,-117.1537019
2176,32.8854618,-117.1598147
2177,32.7592493,-117.1742641
2178,32.7713521,-117.14012
2179,32.7136317,-117.1546731
2180,32.7893425,-117.2533569
2181,32.784943,-117.1104113
2182,32.7894639,-117.1087928
2183,32.7927511,-117.254304
2184,32.7542924,-117.2219394
2185,32.9517193,-117.2011877
2186,32.9242978,-117.124464
2187,32.990767,-117.0721554
2188,32.7115103,-117.1056293
2189,32.893671,-117.1269984
2190,32.7520525,-117.0668007
2191,32.9250356,-117.1439265
2192,32.7552878,-117.220146
2193,32.7115392,-117.1546581
2194,33.0056718,-117.0908677
2195,32.9760014,-117.1462177
2196,32.8091274,-117.2300308
2197,32.8746517,-117.2064297
2198,32.8344171,-117.1948719
2199,32.715964,-117.160019
2200,32.7351734,-117.1010971
2201,32.7514371,-117.1019911
2202,32.8331246,-117.2198243
2203,32.7544664,-117.2362507
2204,32.7178291,-117.1547362
2205,32.5847221,-117.0840933
2206,32.7547337,-117.2171263
2207,0.0,0.0
2208,32.8090582,-117.2076584
2209,32.5581911,-117.0407876
2210,32.583751,-117.0323995
2211,32.7219426,-117.1691783
2212,32.7262067,-117.2445367
2213,32.7805711,-117.2363919
2214,32.6968155,-117.096965
2215,33.0186464,-117.0608513
2216,32.7902888,-117.1051447
2217,32.7313787,-117.1639415
2218,32.9068396,-117.1458945
2219,32.673199,-117.069588
2220,32.8199606,-117.1491154
2221,32.7680903,-117.1539421
2222,32.83438270000001,-117.1977437
2223,32.70213460000001,-117.135325
2224,32.57278970000001,-117.0840365
2225,32.8779055,-117.1725625
2226,32.7157397,-117.1601681
2227,32.7077266,-117.0850141
2228,32.7040962,-117.0849183
2229,32.7899409,-117.1675537
2230,32.9683728,-117.1292685
2231,32.7421539,-117.0923409
2232,32.8326111,-117.1592322
2233,32.8331547,-117.1212279
2234,32.7873145,-117.1189552
2235,32.8510753,-117.2153113
2236,32.7840663,-117.1277394
2237,32.7912978,-117.1978976
2238,32.8641904,-117.2362763
2239,32.7352338,-117.253144
2240,32.7497041,-117.1118823
2241,32.6934747,-117.0492876
2242,32.7707617,-117.162795
2243,32.7541112,-117.2137637
2244,32.8962669,-117.1932569
2245,32.7484529,-117.132801
2246,32.9277289,-117.1535996
2247,32.829121,-117.276161
2248,32.7150761,-117.0946592
2249,33.0096259,-117.0637821
2250,32.7198757,-117.1647732
2251,32.6953444,-117.0937434
2252,32.718769,-117.0935569
2253,32.7024349,-117.1378133
2254,32.8741084,-117.2073531
2255,32.7974138,-117.2421054
2256,32.7538302,-117.2178891
2257,32.8659259,-117.2019528
2258,32.8332263,-117.1079898
2259,32.7352057,-117.1457371
2260,32.7442467,-117.1070664
2261,32.7975134,-117.022161
2262,32.7214692,-117.0935437
2263,32.9464163,-117.0902158
2264,32.707382,-117.140213
2265,32.715339,-117.0405734
2266,32.7549472,-117.0922319
2267,32.7554061,-117.1301928
2268,32.687798,-117.118713
2269,32.9156409,-117.1459359
2270,32.7499461,-117.2172612
2271,32.9470526,-117.0957672
2272,33.017946,-117.073642
2273,32.9113547,-117.2222574
2274,32.7231753,-117.2304312
2275,32.8505015,-117.2550034
2276,32.7484507,-117.1388022
2277,32.7497041,-117.1118823
2278,32.723229,-117.1076182
2279,32.7531917,-117.101941
2280,32.757907,-117.0785168
2281,32.7967323,-117.2457938
2282,32.8938185,-117.1200046
2283,33.0350215,-117.0826656
2284,32.7219435,-117.1682932
2285,32.8786517,-117.1648778
2286,32.8506113,-117.2504902
2287,32.7894639,-117.1087928
2288,32.7146908,-117.1583404
2289,32.7120414,-117.0477282
2290,32.9374368,-117.2360808
2291,32.7553961,-117.1326561
2292,0.0,0.0
2293,32.6872723,-117.0245674
2294,32.7443199,-117.0795966
2295,32.7168094,-117.0449693
2296,32.7898199,-117.0977073
2297,32.8724522,-117.2141439
2298,32.8203972,-117.1760758
2299,32.7580767,-117.0774086
2300,32.8472471,-117.2765427
2301,32.8332591,-117.2027506
2302,32.7936796,-117.2545925
2303,32.7355195,-117.1680462
2304,32.8504341,-117.2542595
2305,32.7153236,-117.067982
2306,32.8937964,-117.1234396
2307,32.9469527,-117.0782323
2308,32.7430483,-117.2490491
2309,32.7467108,-117.1593164
2310,32.835865,-117.1370169
2311,32.7840663,-117.1277394
2312,32.7147076,-117.1546985
2313,32.9047407,-117.130337
2314,32.7422849,-117.0575542
2315,32.7584797,-117.0749464
2316,32.7498557,-117.1639174
2317,32.7662296,-117.1836543
2318,32.7495906,-117.2060193
2319,32.6960808,-117.1081585
2320,32.5726703,-117.0546378
2321,32.7489594,-117.1534635
2322,33.0074923,-117.0568618
2323,32.7466455,-117.2485973
2324,32.80551,-117.0387343
2325,32.7633464,-117.117293
2326,32.7038607,-117.0403393
2327,32.7993994,-117.2342261
2328,32.7482624,-117.1604481
2329,32.7502721,-117.1563654
2330,32.7548689,-117.2194846
2331,32.6823813,-117.1108875
2332,32.7495906,-117.2060193
2333,32.8782143,-117.1683561
2334,32.7549472,-117.0922319
2335,32.7198757,-117.1647732
2336,32.70328310000001,-117.1369999
2337,32.5524711,-117.0449281
2338,32.7495906,-117.2060193
2339,32.6917996,-117.0367916
2340,32.7531623,-117.0986888
2341,32.8998471,-117.1899552
2342,33.0187019,-117.062811
2343,32.783196,-117.0983648
2344,32.98218,-117.074146
2345,32.7131456,-117.0639853
2346,32.750824,-117.24765
2347,32.7456586,-117.0587729
2348,32.7058631,-117.1338888
2349,32.7156437,-117.1711944
2350,32.5819097,-117.0614511
2351,32.8699533,-117.2070846
2352,32.6887777,-117.0462129
2353,32.7583934,-117.1972671
2354,32.7840663,-117.1277394
2355,32.5542298,-116.9278323
2356,32.8914522,-117.2014331
2357,32.7221059,-117.1638561
2358,32.7541409,-117.204919
