,INTERSECTION,CAMERAID,ADDRESS,VIOLATION_DATE,VIOLATIONS,X,Y,LATITUDE,LONGITUDE,LOCATION,month,year,day,year_month,weekday,SEGMENTID,speed_seg
276581,COTTAGE GROVE AND 95TH,2602,9500 S COTTAGE GROVE,2014-11-25,5,1183531.307692447,1842122.3021087432,41.721970465,-87.60334804,"(41.721970464999998, -87.60334804)",11,2014,25,2014-11,1,457,31.186046511627907
266054,PULASKI AND 79TH,2492,7900 S PULASKI ROAD,2014-11-25,5,1151054.87395657,1851842.663854121,41.749339,-87.72205209100001,"(41.749338999999999, -87.722052091000009)",11,2014,25,2014-11,1,440,27.233009708737864
37545,CANAL AND ROOSEVELT,2291,1200 S CANAL STREET,2014-11-25,5,1173268.771030949,1894952.6348787318,41.867175125,-87.63937581299999,"(41.867175125000003, -87.639375812999987)",11,2014,25,2014-11,1,227,22.93913043478261
37577,87TH AND VINCENNES,2412,8700 S VINCENNES,2014-11-25,5,1172026.328989535,1847142.4966437758,41.736006565,-87.645341819,"(41.736006564999997, -87.645341818999995)",11,2014,25,2014-11,1,258,18.911504424778762
38486,PERSHING AND WESTERN,2114,2400 W PERSHING ROAD,2014-11-25,3,1160957.773623189,1878793.434193427,41.82309676,-87.685018951,"(41.823096759999999, -87.685018951000004)",11,2014,25,2014-11,1,502,25.76923076923077
37503,STATE AND 79TH,2654,1 E 79TH STREET,2014-11-25,14,1177680.113652821,1852598.313477786,41.750852095999996,-87.624463832,"(41.750852095999996, -87.624463832000004)",11,2014,25,2014-11,1,411,19.627906976744185
251668,PULASKI AND 79TH,2492,7900 S PULASKI ROAD,2014-11-26,1,1151054.87395657,1851842.663854121,41.749339,-87.72205209100001,"(41.749338999999999, -87.722052091000009)",11,2014,26,2014-11,2,440,28.584158415841586
37875,87TH AND VINCENNES,2412,8700 S VINCENNES,2014-11-26,9,1172026.328989535,1847142.4966437758,41.736006565,-87.645341819,"(41.736006564999997, -87.645341818999995)",11,2014,26,2014-11,2,258,19.58677685950413
37896,CANAL AND ROOSEVELT,2291,1200 S CANAL STREET,2014-11-26,5,1173268.771030949,1894952.6348787318,41.867175125,-87.63937581299999,"(41.867175125000003, -87.639375812999987)",11,2014,26,2014-11,2,227,22.177966101694917
259408,COTTAGE GROVE AND 95TH,2602,9500 S COTTAGE GROVE,2014-11-26,6,1183531.307692447,1842122.3021087432,41.721970465,-87.60334804,"(41.721970464999998, -87.60334804)",11,2014,26,2014-11,2,457,30.39240506329114
37783,STATE AND 79TH,2654,1 E 79TH STREET,2014-11-26,21,1177680.113652821,1852598.313477786,41.750852095999996,-87.624463832,"(41.750852095999996, -87.624463832000004)",11,2014,26,2014-11,2,411,19.32089552238806
37938,PERSHING AND WESTERN,2114,2400 W PERSHING ROAD,2014-11-26,6,1160957.773623189,1878793.434193427,41.82309676,-87.685018951,"(41.823096759999999, -87.685018951000004)",11,2014,26,2014-11,2,502,25.307692307692307
252252,PULASKI AND 79TH,2492,7900 S PULASKI ROAD,2014-11-27,1,1151054.87395657,1851842.663854121,41.749339,-87.72205209100001,"(41.749338999999999, -87.722052091000009)",11,2014,27,2014-11,3,440,27.038095238095238
38095,STATE AND 79TH,2654,1 E 79TH STREET,2014-11-27,18,1177680.113652821,1852598.313477786,41.750852095999996,-87.624463832,"(41.750852095999996, -87.624463832000004)",11,2014,27,2014-11,3,411,19.4672131147541
273830,COTTAGE GROVE AND 95TH,2602,9500 S COTTAGE GROVE,2014-11-27,6,1183531.307692447,1842122.3021087432,41.721970465,-87.60334804,"(41.721970464999998, -87.60334804)",11,2014,27,2014-11,3,457,30.387096774193548
38067,87TH AND VINCENNES,2412,8700 S VINCENNES,2014-11-27,10,1172026.328989535,1847142.4966437758,41.736006565,-87.645341819,"(41.736006564999997, -87.645341818999995)",11,2014,27,2014-11,3,258,20.317757009345794
38317,PERSHING AND WESTERN,2114,2400 W PERSHING ROAD,2014-11-27,2,1160957.773623189,1878793.434193427,41.82309676,-87.685018951,"(41.823096759999999, -87.685018951000004)",11,2014,27,2014-11,3,502,26.47252747252747
38652,STATE AND 79TH,2654,1 E 79TH STREET,2014-11-28,22,1177680.113652821,1852598.313477786,41.750852095999996,-87.624463832,"(41.750852095999996, -87.624463832000004)",11,2014,28,2014-11,4,411,19.007874015748033
248784,COTTAGE GROVE AND 95TH,2602,9500 S COTTAGE GROVE,2014-11-28,2,1183531.307692447,1842122.3021087432,41.721970465,-87.60334804,"(41.721970464999998, -87.60334804)",11,2014,28,2014-11,4,457,30.102564102564102
38429,CANAL AND ROOSEVELT,2291,1200 S CANAL STREET,2014-11-28,4,1173268.771030949,1894952.6348787318,41.867175125,-87.63937581299999,"(41.867175125000003, -87.639375812999987)",11,2014,28,2014-11,4,227,20.59016393442623
38396,87TH AND VINCENNES,2412,8700 S VINCENNES,2014-11-28,10,1172026.328989535,1847142.4966437758,41.736006565,-87.645341819,"(41.736006564999997, -87.645341818999995)",11,2014,28,2014-11,4,258,20.07936507936508
257445,PULASKI AND 79TH,2492,7900 S PULASKI ROAD,2014-11-28,3,1151054.87395657,1851842.663854121,41.749339,-87.72205209100001,"(41.749338999999999, -87.722052091000009)",11,2014,28,2014-11,4,440,30.03125
38934,CANAL AND ROOSEVELT,2291,1200 S CANAL STREET,2014-11-29,3,1173268.771030949,1894952.6348787318,41.867175125,-87.63937581299999,"(41.867175125000003, -87.639375812999987)",11,2014,29,2014-11,5,227,22.580357142857142
39026,87TH AND VINCENNES,2412,8700 S VINCENNES,2014-11-29,10,1172026.328989535,1847142.4966437758,41.736006565,-87.645341819,"(41.736006564999997, -87.645341818999995)",11,2014,29,2014-11,5,258,19.83177570093458
278316,COTTAGE GROVE AND 95TH,2602,9500 S COTTAGE GROVE,2014-11-29,2,1183531.307692447,1842122.3021087432,41.721970465,-87.60334804,"(41.721970464999998, -87.60334804)",11,2014,29,2014-11,5,457,30.24590163934426
38987,PERSHING AND WESTERN,2114,2400 W PERSHING ROAD,2014-11-29,4,1160957.773623189,1878793.434193427,41.82309676,-87.685018951,"(41.823096759999999, -87.685018951000004)",11,2014,29,2014-11,5,502,26.20212765957447
38864,STATE AND 79TH,2654,1 E 79TH STREET,2014-11-29,23,1177680.113652821,1852598.313477786,41.750852095999996,-87.624463832,"(41.750852095999996, -87.624463832000004)",11,2014,29,2014-11,5,411,19.73015873015873
39184,STATE AND 79TH,2654,1 E 79TH STREET,2014-11-30,20,1177680.113652821,1852598.313477786,41.750852095999996,-87.624463832,"(41.750852095999996, -87.624463832000004)",11,2014,30,2014-11,6,411,20.11111111111111
39252,87TH AND VINCENNES,2412,8700 S VINCENNES,2014-11-30,7,1172026.328989535,1847142.4966437758,41.736006565,-87.645341819,"(41.736006564999997, -87.645341818999995)",11,2014,30,2014-11,6,258,19.869158878504674
249944,PULASKI AND 79TH,2492,7900 S PULASKI ROAD,2014-11-30,5,1151054.87395657,1851842.663854121,41.749339,-87.72205209100001,"(41.749338999999999, -87.722052091000009)",11,2014,30,2014-11,6,440,27.49532710280374
253889,COTTAGE GROVE AND 95TH,2602,9500 S COTTAGE GROVE,2014-11-30,3,1183531.307692447,1842122.3021087432,41.721970465,-87.60334804,"(41.721970464999998, -87.60334804)",11,2014,30,2014-11,6,457,28.5
39043,PERSHING AND WESTERN,2114,2400 W PERSHING ROAD,2014-11-30,3,1160957.773623189,1878793.434193427,41.82309676,-87.685018951,"(41.823096759999999, -87.685018951000004)",11,2014,30,2014-11,6,502,27.182795698924732
39378,PERSHING AND WESTERN,2114,2400 W PERSHING ROAD,2014-12-01,2,1160957.773623189,1878793.434193427,41.82309676,-87.685018951,"(41.823096759999999, -87.685018951000004)",12,2014,1,2014-12,0,502,25.298076923076923
39394,STATE AND 79TH,2654,1 E 79TH STREET,2014-12-01,10,1177680.113652821,1852598.313477786,41.750852095999996,-87.624463832,"(41.750852095999996, -87.624463832000004)",12,2014,1,2014-12,0,411,19.82962962962963
279407,PULASKI AND 79TH,2492,7900 S PULASKI ROAD,2014-12-01,1,1151054.87395657,1851842.663854121,41.749339,-87.72205209100001,"(41.749338999999999, -87.722052091000009)",12,2014,1,2014-12,0,440,27.339449541284402
39448,CANAL AND ROOSEVELT,2291,1200 S CANAL STREET,2014-12-01,1,1173268.771030949,1894952.6348787318,41.867175125,-87.63937581299999,"(41.867175125000003, -87.639375812999987)",12,2014,1,2014-12,0,227,22.211382113821138
270653,COTTAGE GROVE AND 95TH,2602,9500 S COTTAGE GROVE,2014-12-01,2,1183531.307692447,1842122.3021087432,41.721970465,-87.60334804,"(41.721970464999998, -87.60334804)",12,2014,1,2014-12,0,457,31.08235294117647
42148,87TH AND VINCENNES,2412,8700 S VINCENNES,2014-12-01,6,1172026.328989535,1847142.4966437758,41.736006565,-87.645341819,"(41.736006564999997, -87.645341818999995)",12,2014,1,2014-12,0,258,19.418032786885245
39637,STATE AND 79TH,2654,1 E 79TH STREET,2014-12-02,9,1177680.113652821,1852598.313477786,41.750852095999996,-87.624463832,"(41.750852095999996, -87.624463832000004)",12,2014,2,2014-12,1,411,20.0
39741,CANAL AND ROOSEVELT,2291,1200 S CANAL STREET,2014-12-02,1,1173268.771030949,1894952.6348787318,41.867175125,-87.63937581299999,"(41.867175125000003, -87.639375812999987)",12,2014,2,2014-12,1,227,22.10169491525424
273165,COTTAGE GROVE AND 95TH,2602,9500 S COTTAGE GROVE,2014-12-02,1,1183531.307692447,1842122.3021087432,41.721970465,-87.60334804,"(41.721970464999998, -87.60334804)",12,2014,2,2014-12,1,457,30.127906976744185
39596,87TH AND VINCENNES,2412,8700 S VINCENNES,2014-12-02,4,1172026.328989535,1847142.4966437758,41.736006565,-87.645341819,"(41.736006564999997, -87.645341818999995)",12,2014,2,2014-12,1,258,19.208
39893,87TH AND VINCENNES,2412,8700 S VINCENNES,2014-12-03,3,1172026.328989535,1847142.4966437758,41.736006565,-87.645341819,"(41.736006564999997, -87.645341818999995)",12,2014,3,2014-12,2,258,20.12295081967213
39957,CANAL AND ROOSEVELT,2291,1200 S CANAL STREET,2014-12-03,2,1173268.771030949,1894952.6348787318,41.867175125,-87.63937581299999,"(41.867175125000003, -87.639375812999987)",12,2014,3,2014-12,2,227,22.610169491525422
40130,PERSHING AND WESTERN,2114,2400 W PERSHING ROAD,2014-12-03,7,1160957.773623189,1878793.434193427,41.82309676,-87.685018951,"(41.823096759999999, -87.685018951000004)",12,2014,3,2014-12,2,502,25.03669724770642
251925,COTTAGE GROVE AND 95TH,2602,9500 S COTTAGE GROVE,2014-12-03,3,1183531.307692447,1842122.3021087432,41.721970465,-87.60334804,"(41.721970464999998, -87.60334804)",12,2014,3,2014-12,2,457,29.962025316455698
40210,STATE AND 79TH,2654,1 E 79TH STREET,2014-12-03,16,1177680.113652821,1852598.313477786,41.750852095999996,-87.624463832,"(41.750852095999996, -87.624463832000004)",12,2014,3,2014-12,2,411,19.515625
271695,PULASKI AND 79TH,2492,7900 S PULASKI ROAD,2014-12-03,1,1151054.87395657,1851842.663854121,41.749339,-87.72205209100001,"(41.749338999999999, -87.722052091000009)",12,2014,3,2014-12,2,440,27.798165137614678
253221,COTTAGE GROVE AND 95TH,2602,9500 S COTTAGE GROVE,2014-12-04,6,1183531.307692447,1842122.3021087432,41.721970465,-87.60334804,"(41.721970464999998, -87.60334804)",12,2014,4,2014-12,3,457,29.977011494252874
39888,STATE AND 79TH,2654,1 E 79TH STREET,2014-12-04,12,1177680.113652821,1852598.313477786,41.750852095999996,-87.624463832,"(41.750852095999996, -87.624463832000004)",12,2014,4,2014-12,3,411,19.96062992125984
39853,CANAL AND ROOSEVELT,2291,1200 S CANAL STREET,2014-12-04,4,1173268.771030949,1894952.6348787318,41.867175125,-87.63937581299999,"(41.867175125000003, -87.639375812999987)",12,2014,4,2014-12,3,227,21.563636363636363
39828,87TH AND VINCENNES,2412,8700 S VINCENNES,2014-12-04,6,1172026.328989535,1847142.4966437758,41.736006565,-87.645341819,"(41.736006564999997, -87.645341818999995)",12,2014,4,2014-12,3,258,20.008333333333333
259281,PULASKI AND 79TH,2492,7900 S PULASKI ROAD,2014-12-04,1,1151054.87395657,1851842.663854121,41.749339,-87.72205209100001,"(41.749338999999999, -87.722052091000009)",12,2014,4,2014-12,3,440,27.99
40139,PERSHING AND WESTERN,2114,2400 W PERSHING ROAD,2014-12-04,5,1160957.773623189,1878793.434193427,41.82309676,-87.685018951,"(41.823096759999999, -87.685018951000004)",12,2014,4,2014-12,3,502,25.41
40440,STATE AND 79TH,2654,1 E 79TH STREET,2014-12-05,24,1177680.113652821,1852598.313477786,41.750852095999996,-87.624463832,"(41.750852095999996, -87.624463832000004)",12,2014,5,2014-12,4,411,20.0
40396,PERSHING AND WESTERN,2114,2400 W PERSHING ROAD,2014-12-05,4,1160957.773623189,1878793.434193427,41.82309676,-87.685018951,"(41.823096759999999, -87.685018951000004)",12,2014,5,2014-12,4,502,25.11214953271028
255290,COTTAGE GROVE AND 95TH,2602,9500 S COTTAGE GROVE,2014-12-05,1,1183531.307692447,1842122.3021087432,41.721970465,-87.60334804,"(41.721970464999998, -87.60334804)",12,2014,5,2014-12,4,457,29.511627906976745
261583,PULASKI AND 79TH,2492,7900 S PULASKI ROAD,2014-12-05,3,1151054.87395657,1851842.663854121,41.749339,-87.72205209100001,"(41.749338999999999, -87.722052091000009)",12,2014,5,2014-12,4,440,28.42718446601942
40303,CANAL AND ROOSEVELT,2291,1200 S CANAL STREET,2014-12-05,5,1173268.771030949,1894952.6348787318,41.867175125,-87.63937581299999,"(41.867175125000003, -87.639375812999987)",12,2014,5,2014-12,4,227,21.88695652173913
40381,87TH AND VINCENNES,2412,8700 S VINCENNES,2014-12-05,5,1172026.328989535,1847142.4966437758,41.736006565,-87.645341819,"(41.736006564999997, -87.645341818999995)",12,2014,5,2014-12,4,258,19.07936507936508
40760,CANAL AND ROOSEVELT,2291,1200 S CANAL STREET,2014-12-06,2,1173268.771030949,1894952.6348787318,41.867175125,-87.63937581299999,"(41.867175125000003, -87.639375812999987)",12,2014,6,2014-12,5,227,21.81904761904762
40749,PERSHING AND WESTERN,2114,2400 W PERSHING ROAD,2014-12-06,3,1160957.773623189,1878793.434193427,41.82309676,-87.685018951,"(41.823096759999999, -87.685018951000004)",12,2014,6,2014-12,5,502,26.307692307692307
40717,STATE AND 79TH,2654,1 E 79TH STREET,2014-12-06,22,1177680.113652821,1852598.313477786,41.750852095999996,-87.624463832,"(41.750852095999996, -87.624463832000004)",12,2014,6,2014-12,5,411,20.590551181102363
247688,COTTAGE GROVE AND 95TH,2602,9500 S COTTAGE GROVE,2014-12-06,5,1183531.307692447,1842122.3021087432,41.721970465,-87.60334804,"(41.721970464999998, -87.60334804)",12,2014,6,2014-12,5,457,30.945205479452056
271839,PULASKI AND 79TH,2492,7900 S PULASKI ROAD,2014-12-06,2,1151054.87395657,1851842.663854121,41.749339,-87.72205209100001,"(41.749338999999999, -87.722052091000009)",12,2014,6,2014-12,5,440,29.134615384615383
40837,CANAL AND ROOSEVELT,2291,1200 S CANAL STREET,2014-12-07,5,1173268.771030949,1894952.6348787318,41.867175125,-87.63937581299999,"(41.867175125000003, -87.639375812999987)",12,2014,7,2014-12,6,227,22.459183673469386
40839,STATE AND 79TH,2654,1 E 79TH STREET,2014-12-07,12,1177680.113652821,1852598.313477786,41.750852095999996,-87.624463832,"(41.750852095999996, -87.624463832000004)",12,2014,7,2014-12,6,411,20.067226890756302
40881,PERSHING AND WESTERN,2114,2400 W PERSHING ROAD,2014-12-07,5,1160957.773623189,1878793.434193427,41.82309676,-87.685018951,"(41.823096759999999, -87.685018951000004)",12,2014,7,2014-12,6,502,26.39080459770115
40880,87TH AND VINCENNES,2412,8700 S VINCENNES,2014-12-07,4,1172026.328989535,1847142.4966437758,41.736006565,-87.645341819,"(41.736006564999997, -87.645341818999995)",12,2014,7,2014-12,6,258,18.735849056603772
41068,PERSHING AND WESTERN,2114,2400 W PERSHING ROAD,2014-12-08,1,1160957.773623189,1878793.434193427,41.82309676,-87.685018951,"(41.823096759999999, -87.685018951000004)",12,2014,8,2014-12,0,502,25.59223300970874
41142,CANAL AND ROOSEVELT,2291,1200 S CANAL STREET,2014-12-08,2,1173268.771030949,1894952.6348787318,41.867175125,-87.63937581299999,"(41.867175125000003, -87.639375812999987)",12,2014,8,2014-12,0,227,21.73728813559322
41201,STATE AND 79TH,2654,1 E 79TH STREET,2014-12-08,11,1177680.113652821,1852598.313477786,41.750852095999996,-87.624463832,"(41.750852095999996, -87.624463832000004)",12,2014,8,2014-12,0,411,19.441176470588236
41139,87TH AND VINCENNES,2412,8700 S VINCENNES,2014-12-08,3,1172026.328989535,1847142.4966437758,41.736006565,-87.645341819,"(41.736006564999997, -87.645341818999995)",12,2014,8,2014-12,0,258,18.73109243697479
272594,PULASKI AND 79TH,2492,7900 S PULASKI ROAD,2014-12-08,3,1151054.87395657,1851842.663854121,41.749339,-87.72205209100001,"(41.749338999999999, -87.722052091000009)",12,2014,8,2014-12,0,440,26.92233009708738
277085,COTTAGE GROVE AND 95TH,2602,9500 S COTTAGE GROVE,2014-12-08,1,1183531.307692447,1842122.3021087432,41.721970465,-87.60334804,"(41.721970464999998, -87.60334804)",12,2014,8,2014-12,0,457,28.569620253164558
245470,COTTAGE GROVE AND 95TH,2602,9500 S COTTAGE GROVE,2014-12-09,3,1183531.307692447,1842122.3021087432,41.721970465,-87.60334804,"(41.721970464999998, -87.60334804)",12,2014,9,2014-12,1,457,30.88888888888889
41396,PERSHING AND WESTERN,2114,2400 W PERSHING ROAD,2014-12-09,9,1160957.773623189,1878793.434193427,41.82309676,-87.685018951,"(41.823096759999999, -87.685018951000004)",12,2014,9,2014-12,1,502,25.18348623853211
41602,STATE AND 79TH,2654,1 E 79TH STREET,2014-12-09,16,1177680.113652821,1852598.313477786,41.750852095999996,-87.624463832,"(41.750852095999996, -87.624463832000004)",12,2014,9,2014-12,1,411,19.045454545454547
41377,87TH AND VINCENNES,2412,8700 S VINCENNES,2014-12-09,4,1172026.328989535,1847142.4966437758,41.736006565,-87.645341819,"(41.736006564999997, -87.645341818999995)",12,2014,9,2014-12,1,258,18.785123966942148
41642,CANAL AND ROOSEVELT,2291,1200 S CANAL STREET,2014-12-09,2,1173268.771030949,1894952.6348787318,41.867175125,-87.63937581299999,"(41.867175125000003, -87.639375812999987)",12,2014,9,2014-12,1,227,22.15126050420168
41345,STATE AND 79TH,2654,1 E 79TH STREET,2014-12-10,8,1177680.113652821,1852598.313477786,41.750852095999996,-87.624463832,"(41.750852095999996, -87.624463832000004)",12,2014,10,2014-12,2,411,19.698529411764707
41322,CANAL AND ROOSEVELT,2291,1200 S CANAL STREET,2014-12-10,3,1173268.771030949,1894952.6348787318,41.867175125,-87.63937581299999,"(41.867175125000003, -87.639375812999987)",12,2014,10,2014-12,2,227,22.632478632478634
262978,COTTAGE GROVE AND 95TH,2602,9500 S COTTAGE GROVE,2014-12-10,7,1183531.307692447,1842122.3021087432,41.721970465,-87.60334804,"(41.721970464999998, -87.60334804)",12,2014,10,2014-12,2,457,29.628205128205128
253279,PULASKI AND 79TH,2492,7900 S PULASKI ROAD,2014-12-10,2,1151054.87395657,1851842.663854121,41.749339,-87.72205209100001,"(41.749338999999999, -87.722052091000009)",12,2014,10,2014-12,2,440,28.24770642201835
41461,PERSHING AND WESTERN,2114,2400 W PERSHING ROAD,2014-12-10,3,1160957.773623189,1878793.434193427,41.82309676,-87.685018951,"(41.823096759999999, -87.685018951000004)",12,2014,10,2014-12,2,502,25.34234234234234
41700,87TH AND VINCENNES,2412,8700 S VINCENNES,2014-12-10,2,1172026.328989535,1847142.4966437758,41.736006565,-87.645341819,"(41.736006564999997, -87.645341818999995)",12,2014,10,2014-12,2,258,20.647540983606557
255115,PULASKI AND 79TH,2492,7900 S PULASKI ROAD,2014-12-11,1,1151054.87395657,1851842.663854121,41.749339,-87.72205209100001,"(41.749338999999999, -87.722052091000009)",12,2014,11,2014-12,3,440,27.78095238095238
18477,CANAL AND ROOSEVELT,2291,1200 S CANAL STREET,2014-12-11,5,1173268.771030949,1894952.6348787318,41.867175125,-87.63937581299999,"(41.867175125000003, -87.639375812999987)",12,2014,11,2014-12,3,227,21.394957983193276
16417,STATE AND 79TH,2654,1 E 79TH STREET,2014-12-11,19,1177680.113652821,1852598.313477786,41.750852095999996,-87.624463832,"(41.750852095999996, -87.624463832000004)",12,2014,11,2014-12,3,411,19.797101449275363
5851,PERSHING AND WESTERN,2114,2400 W PERSHING ROAD,2014-12-11,1,1160957.773623189,1878793.434193427,41.82309676,-87.685018951,"(41.823096759999999, -87.685018951000004)",12,2014,11,2014-12,3,502,24.764150943396228
261119,COTTAGE GROVE AND 95TH,2602,9500 S COTTAGE GROVE,2014-12-11,1,1183531.307692447,1842122.3021087432,41.721970465,-87.60334804,"(41.721970464999998, -87.60334804)",12,2014,11,2014-12,3,457,29.274725274725274
14340,87TH AND VINCENNES,2412,8700 S VINCENNES,2014-12-11,5,1172026.328989535,1847142.4966437758,41.736006565,-87.645341819,"(41.736006564999997, -87.645341818999995)",12,2014,11,2014-12,3,258,19.92063492063492
258432,PULASKI AND 79TH,2492,7900 S PULASKI ROAD,2014-12-12,3,1151054.87395657,1851842.663854121,41.749339,-87.72205209100001,"(41.749338999999999, -87.722052091000009)",12,2014,12,2014-12,4,440,27.474747474747474
272706,COTTAGE GROVE AND 95TH,2602,9500 S COTTAGE GROVE,2014-12-12,10,1183531.307692447,1842122.3021087432,41.721970465,-87.60334804,"(41.721970464999998, -87.60334804)",12,2014,12,2014-12,4,457,30.294871794871796
35530,STATE AND 79TH,2654,1 E 79TH STREET,2014-12-12,15,1177680.113652821,1852598.313477786,41.750852095999996,-87.624463832,"(41.750852095999996, -87.624463832000004)",12,2014,12,2014-12,4,411,19.3671875
32458,PERSHING AND WESTERN,2114,2400 W PERSHING ROAD,2014-12-12,4,1160957.773623189,1878793.434193427,41.82309676,-87.685018951,"(41.823096759999999, -87.685018951000004)",12,2014,12,2014-12,4,502,26.057142857142857
32487,87TH AND VINCENNES,2412,8700 S VINCENNES,2014-12-12,3,1172026.328989535,1847142.4966437758,41.736006565,-87.645341819,"(41.736006564999997, -87.645341818999995)",12,2014,12,2014-12,4,258,19.658333333333335
34366,CANAL AND ROOSEVELT,2291,1200 S CANAL STREET,2014-12-13,1,1173268.771030949,1894952.6348787318,41.867175125,-87.63937581299999,"(41.867175125000003, -87.639375812999987)",12,2014,13,2014-12,5,227,20.00925925925926
256764,PULASKI AND 79TH,2492,7900 S PULASKI ROAD,2014-12-13,3,1151054.87395657,1851842.663854121,41.749339,-87.72205209100001,"(41.749338999999999, -87.722052091000009)",12,2014,13,2014-12,5,440,29.460176991150444
276229,COTTAGE GROVE AND 95TH,2602,9500 S COTTAGE GROVE,2014-12-13,6,1183531.307692447,1842122.3021087432,41.721970465,-87.60334804,"(41.721970464999998, -87.60334804)",12,2014,13,2014-12,5,457,29.09090909090909
30424,STATE AND 79TH,2654,1 E 79TH STREET,2014-12-13,18,1177680.113652821,1852598.313477786,41.750852095999996,-87.624463832,"(41.750852095999996, -87.624463832000004)",12,2014,13,2014-12,5,411,19.2
31457,87TH AND VINCENNES,2412,8700 S VINCENNES,2014-12-13,1,1172026.328989535,1847142.4966437758,41.736006565,-87.645341819,"(41.736006564999997, -87.645341818999995)",12,2014,13,2014-12,5,258,19.763636363636362
37102,87TH AND VINCENNES,2412,8700 S VINCENNES,2014-12-14,3,1172026.328989535,1847142.4966437758,41.736006565,-87.645341819,"(41.736006564999997, -87.645341818999995)",12,2014,14,2014-12,6,258,19.367346938775512
39034,CANAL AND ROOSEVELT,2291,1200 S CANAL STREET,2014-12-14,3,1173268.771030949,1894952.6348787318,41.867175125,-87.63937581299999,"(41.867175125000003, -87.639375812999987)",12,2014,14,2014-12,6,227,22.495412844036696
247340,COTTAGE GROVE AND 95TH,2602,9500 S COTTAGE GROVE,2014-12-14,3,1183531.307692447,1842122.3021087432,41.721970465,-87.60334804,"(41.721970464999998, -87.60334804)",12,2014,14,2014-12,6,457,29.661290322580644
39031,STATE AND 79TH,2654,1 E 79TH STREET,2014-12-14,16,1177680.113652821,1852598.313477786,41.750852095999996,-87.624463832,"(41.750852095999996, -87.624463832000004)",12,2014,14,2014-12,6,411,19.863636363636363
260983,PULASKI AND 79TH,2492,7900 S PULASKI ROAD,2014-12-15,1,1151054.87395657,1851842.663854121,41.749339,-87.72205209100001,"(41.749338999999999, -87.722052091000009)",12,2014,15,2014-12,0,440,27.953703703703702
41784,STATE AND 79TH,2654,1 E 79TH STREET,2014-12-15,10,1177680.113652821,1852598.313477786,41.750852095999996,-87.624463832,"(41.750852095999996, -87.624463832000004)",12,2014,15,2014-12,0,411,19.353383458646615
257260,COTTAGE GROVE AND 95TH,2602,9500 S COTTAGE GROVE,2014-12-15,2,1183531.307692447,1842122.3021087432,41.721970465,-87.60334804,"(41.721970464999998, -87.60334804)",12,2014,15,2014-12,0,457,31.025
41807,87TH AND VINCENNES,2412,8700 S VINCENNES,2014-12-15,3,1172026.328989535,1847142.4966437758,41.736006565,-87.645341819,"(41.736006564999997, -87.645341818999995)",12,2014,15,2014-12,0,258,19.728
42228,STATE AND 79TH,2654,1 E 79TH STREET,2014-12-16,13,1177680.113652821,1852598.313477786,41.750852095999996,-87.624463832,"(41.750852095999996, -87.624463832000004)",12,2014,16,2014-12,1,411,19.7007299270073
272379,COTTAGE GROVE AND 95TH,2602,9500 S COTTAGE GROVE,2014-12-16,5,1183531.307692447,1842122.3021087432,41.721970465,-87.60334804,"(41.721970464999998, -87.60334804)",12,2014,16,2014-12,1,457,29.522727272727273
42211,CANAL AND ROOSEVELT,2291,1200 S CANAL STREET,2014-12-16,9,1173268.771030949,1894952.6348787318,41.867175125,-87.63937581299999,"(41.867175125000003, -87.639375812999987)",12,2014,16,2014-12,1,227,21.65811965811966
41964,87TH AND VINCENNES,2412,8700 S VINCENNES,2014-12-16,1,1172026.328989535,1847142.4966437758,41.736006565,-87.645341819,"(41.736006564999997, -87.645341818999995)",12,2014,16,2014-12,1,258,18.557377049180328
279119,PULASKI AND 79TH,2492,7900 S PULASKI ROAD,2014-12-16,2,1151054.87395657,1851842.663854121,41.749339,-87.72205209100001,"(41.749338999999999, -87.722052091000009)",12,2014,16,2014-12,1,440,28.02912621359223
42066,PERSHING AND WESTERN,2114,2400 W PERSHING ROAD,2014-12-16,2,1160957.773623189,1878793.434193427,41.82309676,-87.685018951,"(41.823096759999999, -87.685018951000004)",12,2014,16,2014-12,1,502,26.1
42298,CANAL AND ROOSEVELT,2291,1200 S CANAL STREET,2014-12-17,1,1173268.771030949,1894952.6348787318,41.867175125,-87.63937581299999,"(41.867175125000003, -87.639375812999987)",12,2014,17,2014-12,2,227,21.52755905511811
42461,STATE AND 79TH,2654,1 E 79TH STREET,2014-12-17,9,1177680.113652821,1852598.313477786,41.750852095999996,-87.624463832,"(41.750852095999996, -87.624463832000004)",12,2014,17,2014-12,2,411,19.639705882352942
255079,COTTAGE GROVE AND 95TH,2602,9500 S COTTAGE GROVE,2014-12-17,2,1183531.307692447,1842122.3021087432,41.721970465,-87.60334804,"(41.721970464999998, -87.60334804)",12,2014,17,2014-12,2,457,30.34065934065934
270893,PULASKI AND 79TH,2492,7900 S PULASKI ROAD,2014-12-17,4,1151054.87395657,1851842.663854121,41.749339,-87.72205209100001,"(41.749338999999999, -87.722052091000009)",12,2014,17,2014-12,2,440,27.514285714285716
42517,PERSHING AND WESTERN,2114,2400 W PERSHING ROAD,2014-12-17,2,1160957.773623189,1878793.434193427,41.82309676,-87.685018951,"(41.823096759999999, -87.685018951000004)",12,2014,17,2014-12,2,502,25.132075471698112
42737,PERSHING AND WESTERN,2114,2400 W PERSHING ROAD,2014-12-18,2,1160957.773623189,1878793.434193427,41.82309676,-87.685018951,"(41.823096759999999, -87.685018951000004)",12,2014,18,2014-12,3,502,24.633928571428573
257237,PULASKI AND 79TH,2492,7900 S PULASKI ROAD,2014-12-18,2,1151054.87395657,1851842.663854121,41.749339,-87.72205209100001,"(41.749338999999999, -87.722052091000009)",12,2014,18,2014-12,3,440,27.774509803921568
42613,CANAL AND ROOSEVELT,2291,1200 S CANAL STREET,2014-12-18,4,1173268.771030949,1894952.6348787318,41.867175125,-87.63937581299999,"(41.867175125000003, -87.639375812999987)",12,2014,18,2014-12,3,227,22.66949152542373
274369,COTTAGE GROVE AND 95TH,2602,9500 S COTTAGE GROVE,2014-12-18,2,1183531.307692447,1842122.3021087432,41.721970465,-87.60334804,"(41.721970464999998, -87.60334804)",12,2014,18,2014-12,3,457,29.95294117647059
42691,STATE AND 79TH,2654,1 E 79TH STREET,2014-12-18,13,1177680.113652821,1852598.313477786,41.750852095999996,-87.624463832,"(41.750852095999996, -87.624463832000004)",12,2014,18,2014-12,3,411,19.43846153846154
42673,87TH AND VINCENNES,2412,8700 S VINCENNES,2014-12-18,2,1172026.328989535,1847142.4966437758,41.736006565,-87.645341819,"(41.736006564999997, -87.645341818999995)",12,2014,18,2014-12,3,258,19.712
45091,CANAL AND ROOSEVELT,2291,1200 S CANAL STREET,2014-12-19,7,1173268.771030949,1894952.6348787318,41.867175125,-87.63937581299999,"(41.867175125000003, -87.639375812999987)",12,2014,19,2014-12,4,227,21.801724137931036
42940,PERSHING AND WESTERN,2114,2400 W PERSHING ROAD,2014-12-19,2,1160957.773623189,1878793.434193427,41.82309676,-87.685018951,"(41.823096759999999, -87.685018951000004)",12,2014,19,2014-12,4,502,25.36190476190476
245198,COTTAGE GROVE AND 95TH,2602,9500 S COTTAGE GROVE,2014-12-19,2,1183531.307692447,1842122.3021087432,41.721970465,-87.60334804,"(41.721970464999998, -87.60334804)",12,2014,19,2014-12,4,457,28.788235294117648
42842,87TH AND VINCENNES,2412,8700 S VINCENNES,2014-12-19,3,1172026.328989535,1847142.4966437758,41.736006565,-87.645341819,"(41.736006564999997, -87.645341818999995)",12,2014,19,2014-12,4,258,19.588709677419356
273537,PULASKI AND 79TH,2492,7900 S PULASKI ROAD,2014-12-19,2,1151054.87395657,1851842.663854121,41.749339,-87.72205209100001,"(41.749338999999999, -87.722052091000009)",12,2014,19,2014-12,4,440,28.11214953271028
42901,STATE AND 79TH,2654,1 E 79TH STREET,2014-12-19,13,1177680.113652821,1852598.313477786,41.750852095999996,-87.624463832,"(41.750852095999996, -87.624463832000004)",12,2014,19,2014-12,4,411,19.15909090909091
255058,COTTAGE GROVE AND 95TH,2602,9500 S COTTAGE GROVE,2014-12-20,7,1183531.307692447,1842122.3021087432,41.721970465,-87.60334804,"(41.721970464999998, -87.60334804)",12,2014,20,2014-12,5,457,28.34426229508197
263892,PULASKI AND 79TH,2492,7900 S PULASKI ROAD,2014-12-20,2,1151054.87395657,1851842.663854121,41.749339,-87.72205209100001,"(41.749338999999999, -87.722052091000009)",12,2014,20,2014-12,5,440,30.10576923076923
43630,PERSHING AND WESTERN,2114,2400 W PERSHING ROAD,2014-12-20,1,1160957.773623189,1878793.434193427,41.82309676,-87.685018951,"(41.823096759999999, -87.685018951000004)",12,2014,20,2014-12,5,502,26.23469387755102
43892,87TH AND VINCENNES,2412,8700 S VINCENNES,2014-12-20,6,1172026.328989535,1847142.4966437758,41.736006565,-87.645341819,"(41.736006564999997, -87.645341818999995)",12,2014,20,2014-12,5,258,19.575221238938052
43553,STATE AND 79TH,2654,1 E 79TH STREET,2014-12-20,3,1177680.113652821,1852598.313477786,41.750852095999996,-87.624463832,"(41.750852095999996, -87.624463832000004)",12,2014,20,2014-12,5,411,19.75
43418,CANAL AND ROOSEVELT,2291,1200 S CANAL STREET,2014-12-20,5,1173268.771030949,1894952.6348787318,41.867175125,-87.63937581299999,"(41.867175125000003, -87.639375812999987)",12,2014,20,2014-12,5,227,21.716814159292035
277758,PULASKI AND 79TH,2492,7900 S PULASKI ROAD,2014-12-21,1,1151054.87395657,1851842.663854121,41.749339,-87.72205209100001,"(41.749338999999999, -87.722052091000009)",12,2014,21,2014-12,6,440,28.59259259259259
43199,STATE AND 79TH,2654,1 E 79TH STREET,2014-12-21,11,1177680.113652821,1852598.313477786,41.750852095999996,-87.624463832,"(41.750852095999996, -87.624463832000004)",12,2014,21,2014-12,6,411,20.707070707070706
43163,87TH AND VINCENNES,2412,8700 S VINCENNES,2014-12-21,6,1172026.328989535,1847142.4966437758,41.736006565,-87.645341819,"(41.736006564999997, -87.645341818999995)",12,2014,21,2014-12,6,258,20.240963855421686
275267,COTTAGE GROVE AND 95TH,2602,9500 S COTTAGE GROVE,2014-12-21,8,1183531.307692447,1842122.3021087432,41.721970465,-87.60334804,"(41.721970464999998, -87.60334804)",12,2014,21,2014-12,6,457,29.127659574468087
43463,CANAL AND ROOSEVELT,2291,1200 S CANAL STREET,2014-12-21,3,1173268.771030949,1894952.6348787318,41.867175125,-87.63937581299999,"(41.867175125000003, -87.639375812999987)",12,2014,21,2014-12,6,227,22.714285714285715
256006,COTTAGE GROVE AND 95TH,2602,9500 S COTTAGE GROVE,2014-12-22,2,1183531.307692447,1842122.3021087432,41.721970465,-87.60334804,"(41.721970464999998, -87.60334804)",12,2014,22,2014-12,0,457,29.04705882352941
263199,PULASKI AND 79TH,2492,7900 S PULASKI ROAD,2014-12-22,1,1151054.87395657,1851842.663854121,41.749339,-87.72205209100001,"(41.749338999999999, -87.722052091000009)",12,2014,22,2014-12,0,440,26.980392156862745
43263,87TH AND VINCENNES,2412,8700 S VINCENNES,2014-12-22,5,1172026.328989535,1847142.4966437758,41.736006565,-87.645341819,"(41.736006564999997, -87.645341818999995)",12,2014,22,2014-12,0,258,19.661290322580644
43357,STATE AND 79TH,2654,1 E 79TH STREET,2014-12-22,13,1177680.113652821,1852598.313477786,41.750852095999996,-87.624463832,"(41.750852095999996, -87.624463832000004)",12,2014,22,2014-12,0,411,19.022900763358777
43608,PERSHING AND WESTERN,2114,2400 W PERSHING ROAD,2014-12-22,1,1160957.773623189,1878793.434193427,41.82309676,-87.685018951,"(41.823096759999999, -87.685018951000004)",12,2014,22,2014-12,0,502,24.62037037037037
43576,CANAL AND ROOSEVELT,2291,1200 S CANAL STREET,2014-12-22,3,1173268.771030949,1894952.6348787318,41.867175125,-87.63937581299999,"(41.867175125000003, -87.639375812999987)",12,2014,22,2014-12,0,227,21.017094017094017
43972,STATE AND 79TH,2654,1 E 79TH STREET,2014-12-23,14,1177680.113652821,1852598.313477786,41.750852095999996,-87.624463832,"(41.750852095999996, -87.624463832000004)",12,2014,23,2014-12,1,411,19.515151515151516
43955,PERSHING AND WESTERN,2114,2400 W PERSHING ROAD,2014-12-23,2,1160957.773623189,1878793.434193427,41.82309676,-87.685018951,"(41.823096759999999, -87.685018951000004)",12,2014,23,2014-12,1,502,24.964601769911503
250751,PULASKI AND 79TH,2492,7900 S PULASKI ROAD,2014-12-23,3,1151054.87395657,1851842.663854121,41.749339,-87.72205209100001,"(41.749338999999999, -87.722052091000009)",12,2014,23,2014-12,1,440,28.30392156862745
261601,COTTAGE GROVE AND 95TH,2602,9500 S COTTAGE GROVE,2014-12-23,4,1183531.307692447,1842122.3021087432,41.721970465,-87.60334804,"(41.721970464999998, -87.60334804)",12,2014,23,2014-12,1,457,30.524390243902438
44059,87TH AND VINCENNES,2412,8700 S VINCENNES,2014-12-23,6,1172026.328989535,1847142.4966437758,41.736006565,-87.645341819,"(41.736006564999997, -87.645341818999995)",12,2014,23,2014-12,1,258,20.43801652892562
44263,STATE AND 79TH,2654,1 E 79TH STREET,2014-12-24,11,1177680.113652821,1852598.313477786,41.750852095999996,-87.624463832,"(41.750852095999996, -87.624463832000004)",12,2014,24,2014-12,2,411,17.992481203007518
44313,87TH AND VINCENNES,2412,8700 S VINCENNES,2014-12-24,5,1172026.328989535,1847142.4966437758,41.736006565,-87.645341819,"(41.736006564999997, -87.645341818999995)",12,2014,24,2014-12,2,258,20.024193548387096
277699,COTTAGE GROVE AND 95TH,2602,9500 S COTTAGE GROVE,2014-12-24,7,1183531.307692447,1842122.3021087432,41.721970465,-87.60334804,"(41.721970464999998, -87.60334804)",12,2014,24,2014-12,2,457,29.46590909090909
44217,CANAL AND ROOSEVELT,2291,1200 S CANAL STREET,2014-12-24,2,1173268.771030949,1894952.6348787318,41.867175125,-87.63937581299999,"(41.867175125000003, -87.639375812999987)",12,2014,24,2014-12,2,227,20.858333333333334
44541,87TH AND VINCENNES,2412,8700 S VINCENNES,2014-12-25,3,1172026.328989535,1847142.4966437758,41.736006565,-87.645341819,"(41.736006564999997, -87.645341818999995)",12,2014,25,2014-12,3,258,20.34375
249473,COTTAGE GROVE AND 95TH,2602,9500 S COTTAGE GROVE,2014-12-25,4,1183531.307692447,1842122.3021087432,41.721970465,-87.60334804,"(41.721970464999998, -87.60334804)",12,2014,25,2014-12,3,457,31.688524590163933
252106,PULASKI AND 79TH,2492,7900 S PULASKI ROAD,2014-12-25,1,1151054.87395657,1851842.663854121,41.749339,-87.72205209100001,"(41.749338999999999, -87.722052091000009)",12,2014,25,2014-12,3,440,25.784313725490197
44351,STATE AND 79TH,2654,1 E 79TH STREET,2014-12-25,14,1177680.113652821,1852598.313477786,41.750852095999996,-87.624463832,"(41.750852095999996, -87.624463832000004)",12,2014,25,2014-12,3,411,19.529411764705884
44876,CANAL AND ROOSEVELT,2291,1200 S CANAL STREET,2014-12-26,7,1173268.771030949,1894952.6348787318,41.867175125,-87.63937581299999,"(41.867175125000003, -87.639375812999987)",12,2014,26,2014-12,4,227,21.578512396694215
262945,COTTAGE GROVE AND 95TH,2602,9500 S COTTAGE GROVE,2014-12-26,7,1183531.307692447,1842122.3021087432,41.721970465,-87.60334804,"(41.721970464999998, -87.60334804)",12,2014,26,2014-12,4,457,30.271604938271604
44965,STATE AND 79TH,2654,1 E 79TH STREET,2014-12-26,21,1177680.113652821,1852598.313477786,41.750852095999996,-87.624463832,"(41.750852095999996, -87.624463832000004)",12,2014,26,2014-12,4,411,19.18320610687023
250711,PULASKI AND 79TH,2492,7900 S PULASKI ROAD,2014-12-26,1,1151054.87395657,1851842.663854121,41.749339,-87.72205209100001,"(41.749338999999999, -87.722052091000009)",12,2014,26,2014-12,4,440,27.285714285714285
44816,87TH AND VINCENNES,2412,8700 S VINCENNES,2014-12-26,9,1172026.328989535,1847142.4966437758,41.736006565,-87.645341819,"(41.736006564999997, -87.645341818999995)",12,2014,26,2014-12,4,258,19.801652892561982
252144,COTTAGE GROVE AND 95TH,2602,9500 S COTTAGE GROVE,2014-12-27,3,1183531.307692447,1842122.3021087432,41.721970465,-87.60334804,"(41.721970464999998, -87.60334804)",12,2014,27,2014-12,5,457,29.8135593220339
264843,PULASKI AND 79TH,2492,7900 S PULASKI ROAD,2014-12-27,2,1151054.87395657,1851842.663854121,41.749339,-87.72205209100001,"(41.749338999999999, -87.722052091000009)",12,2014,27,2014-12,5,440,26.756756756756758
45193,CANAL AND ROOSEVELT,2291,1200 S CANAL STREET,2014-12-27,6,1173268.771030949,1894952.6348787318,41.867175125,-87.63937581299999,"(41.867175125000003, -87.639375812999987)",12,2014,27,2014-12,5,227,22.560344827586206
45162,PERSHING AND WESTERN,2114,2400 W PERSHING ROAD,2014-12-27,1,1160957.773623189,1878793.434193427,41.82309676,-87.685018951,"(41.823096759999999, -87.685018951000004)",12,2014,27,2014-12,5,502,26.25
44927,87TH AND VINCENNES,2412,8700 S VINCENNES,2014-12-27,8,1172026.328989535,1847142.4966437758,41.736006565,-87.645341819,"(41.736006564999997, -87.645341818999995)",12,2014,27,2014-12,5,258,19.47422680412371
45130,STATE AND 79TH,2654,1 E 79TH STREET,2014-12-27,18,1177680.113652821,1852598.313477786,41.750852095999996,-87.624463832,"(41.750852095999996, -87.624463832000004)",12,2014,27,2014-12,5,411,19.03076923076923
45403,PERSHING AND WESTERN,2114,2400 W PERSHING ROAD,2014-12-28,1,1160957.773623189,1878793.434193427,41.82309676,-87.685018951,"(41.823096759999999, -87.685018951000004)",12,2014,28,2014-12,6,502,27.177777777777777
259309,COTTAGE GROVE AND 95TH,2602,9500 S COTTAGE GROVE,2014-12-28,5,1183531.307692447,1842122.3021087432,41.721970465,-87.60334804,"(41.721970464999998, -87.60334804)",12,2014,28,2014-12,6,457,30.571428571428573
45449,CANAL AND ROOSEVELT,2291,1200 S CANAL STREET,2014-12-28,3,1173268.771030949,1894952.6348787318,41.867175125,-87.63937581299999,"(41.867175125000003, -87.639375812999987)",12,2014,28,2014-12,6,227,22.65137614678899
45440,STATE AND 79TH,2654,1 E 79TH STREET,2014-12-28,18,1177680.113652821,1852598.313477786,41.750852095999996,-87.624463832,"(41.750852095999996, -87.624463832000004)",12,2014,28,2014-12,6,411,20.302325581395348
45250,87TH AND VINCENNES,2412,8700 S VINCENNES,2014-12-28,6,1172026.328989535,1847142.4966437758,41.736006565,-87.645341819,"(41.736006564999997, -87.645341818999995)",12,2014,28,2014-12,6,258,20.92156862745098
249702,PULASKI AND 79TH,2492,7900 S PULASKI ROAD,2014-12-28,2,1151054.87395657,1851842.663854121,41.749339,-87.72205209100001,"(41.749338999999999, -87.722052091000009)",12,2014,28,2014-12,6,440,27.177570093457945
45678,PERSHING AND WESTERN,2114,2400 W PERSHING ROAD,2014-12-29,3,1160957.773623189,1878793.434193427,41.82309676,-87.685018951,"(41.823096759999999, -87.685018951000004)",12,2014,29,2014-12,0,502,24.603603603603602
45667,STATE AND 79TH,2654,1 E 79TH STREET,2014-12-29,23,1177680.113652821,1852598.313477786,41.750852095999996,-87.624463832,"(41.750852095999996, -87.624463832000004)",12,2014,29,2014-12,0,411,19.30534351145038
45722,87TH AND VINCENNES,2412,8700 S VINCENNES,2014-12-29,7,1172026.328989535,1847142.4966437758,41.736006565,-87.645341819,"(41.736006564999997, -87.645341818999995)",12,2014,29,2014-12,0,258,19.619834710743802
259656,COTTAGE GROVE AND 95TH,2602,9500 S COTTAGE GROVE,2014-12-29,3,1183531.307692447,1842122.3021087432,41.721970465,-87.60334804,"(41.721970464999998, -87.60334804)",12,2014,29,2014-12,0,457,29.107142857142858
45733,CANAL AND ROOSEVELT,2291,1200 S CANAL STREET,2014-12-29,5,1173268.771030949,1894952.6348787318,41.867175125,-87.63937581299999,"(41.867175125000003, -87.639375812999987)",12,2014,29,2014-12,0,227,21.462809917355372
279177,PULASKI AND 79TH,2492,7900 S PULASKI ROAD,2014-12-29,1,1151054.87395657,1851842.663854121,41.749339,-87.72205209100001,"(41.749338999999999, -87.722052091000009)",12,2014,29,2014-12,0,440,27.114285714285714
46004,STATE AND 79TH,2654,1 E 79TH STREET,2014-12-30,21,1177680.113652821,1852598.313477786,41.750852095999996,-87.624463832,"(41.750852095999996, -87.624463832000004)",12,2014,30,2014-12,1,411,19.380597014925375
45788,87TH AND VINCENNES,2412,8700 S VINCENNES,2014-12-30,7,1172026.328989535,1847142.4966437758,41.736006565,-87.645341819,"(41.736006564999997, -87.645341818999995)",12,2014,30,2014-12,1,258,19.966666666666665
45761,CANAL AND ROOSEVELT,2291,1200 S CANAL STREET,2014-12-30,9,1173268.771030949,1894952.6348787318,41.867175125,-87.63937581299999,"(41.867175125000003, -87.639375812999987)",12,2014,30,2014-12,1,227,22.458333333333332
260115,COTTAGE GROVE AND 95TH,2602,9500 S COTTAGE GROVE,2014-12-30,1,1183531.307692447,1842122.3021087432,41.721970465,-87.60334804,"(41.721970464999998, -87.60334804)",12,2014,30,2014-12,1,457,30.783132530120483
250593,PULASKI AND 79TH,2492,7900 S PULASKI ROAD,2014-12-30,2,1151054.87395657,1851842.663854121,41.749339,-87.72205209100001,"(41.749338999999999, -87.722052091000009)",12,2014,30,2014-12,1,440,28.452830188679247
