,ADDRESS,CAMERAID,VIOLATION_DATE,VIOLATIONS,X,Y,LATITUDE,LONGITUDE,LOCATION,month,year,day,year_month,weekday,SEGMENTID,speed_seg
53571,2603 W 79TH,CHI066,2014-11-25,6,1160350.070879175,1852097.8260689732,41.74985294,-87.687983475,"(41.749852939999997, -87.687983474999996)",11,2014,25,2014-11,1,444,23.300884955752213
43846,2513 W 55TH,CHI070,2014-11-25,21,1160431.7488699341,1868077.6747288718,41.793702249,-87.687244272,"(41.793702248999999, -87.687244272000001)",11,2014,25,2014-11,1,4,22.45689655172414
60112,3137 W PETERSON,CHI024,2014-11-25,38,1154183.287274807,1939668.834930217,41.990281914,-87.70824462600001,"(41.990281914000001, -87.70824462600001)",11,2014,25,2014-11,1,779,20.027397260273972
76341,2917 W ROOSEVELT,CHI019,2014-11-25,61,1156991.618473341,1894531.138408719,41.866364024,-87.69914296600001,"(41.866364023999999, -87.699142966000011)",11,2014,25,2014-11,1,220,20.333333333333332
72019,449 N COLUMBUS DR,CHI124,2014-11-25,9,1178428.35425324,1903326.613409231,41.890037755,-87.620179034,"(41.890037755000002, -87.620179034000003)",11,2014,25,2014-11,1,1280,19.49206349206349
78872,450 N COLUMBUS DR,CHI125,2014-11-25,29,1178351.216208364,1903356.801857411,41.890122353,-87.620461395,"(41.890122353000002, -87.620461395000007)",11,2014,25,2014-11,1,1280,19.49206349206349
37930,4965 S ARCHER,CHI032,2014-11-25,26,1150880.680088461,1871373.743751604,41.80293879,-87.722181792,"(41.802938789999999, -87.722181792000001)",11,2014,25,2014-11,1,499,24.516129032258064
106428,4929 S PULASKI,CHI030,2014-11-25,29,1150573.998715103,1871490.401558551,41.803264895,-87.72330350899999,"(41.803264894999998, -87.72330350899999)",11,2014,25,2014-11,1,499,24.516129032258064
63936,2109 E 87TH ST,CHI145,2014-11-25,41,1191794.819430013,1847666.1661950282,41.736987090999996,-87.572901178,"(41.736987090999996, -87.572901177999995)",11,2014,25,2014-11,1,263,23.008695652173913
37804,5030 S PULASKI,CHI031,2014-11-25,39,1150513.081876743,1870811.076557055,41.801401913,-87.72354459799999,"(41.801401912999999, -87.723544597999989)",11,2014,25,2014-11,1,498,19.57894736842105
43372,4707 W PETERSON AVE,CHI115,2014-11-25,51,1143859.071304929,1939422.942112187,41.989807669,-87.74622580399999,"(41.989807669000001, -87.746225803999991)",11,2014,25,2014-11,1,775,25.475409836065573
73720,2705 W IRVING PARK,CHI079,2014-11-25,80,1157555.242825448,1926426.21147583,41.953875265,-87.69620408899999,"(41.953875265000001, -87.696204088999991)",11,2014,25,2014-11,1,292,20.210526315789473
39288,2917 W ROOSEVELT,CHI019,2014-11-26,56,1156991.618473341,1894531.138408719,41.866364024,-87.69914296600001,"(41.866364023999999, -87.699142966000011)",11,2014,26,2014-11,2,220,20.203703703703702
87963,2705 W IRVING PARK,CHI079,2014-11-26,97,1157555.242825448,1926426.21147583,41.953875265,-87.69620408899999,"(41.953875265000001, -87.696204088999991)",11,2014,26,2014-11,2,292,20.62135922330097
68704,3137 W PETERSON,CHI024,2014-11-26,37,1154183.287274807,1939668.834930217,41.990281914,-87.70824462600001,"(41.990281914000001, -87.70824462600001)",11,2014,26,2014-11,2,779,20.929411764705883
86235,449 N COLUMBUS DR,CHI124,2014-11-26,16,1178428.35425324,1903326.613409231,41.890037755,-87.620179034,"(41.890037755000002, -87.620179034000003)",11,2014,26,2014-11,2,1280,19.8359375
74066,2513 W 55TH,CHI070,2014-11-26,36,1160431.7488699341,1868077.6747288718,41.793702249,-87.687244272,"(41.793702248999999, -87.687244272000001)",11,2014,26,2014-11,2,4,23.330434782608695
85674,450 N COLUMBUS DR,CHI125,2014-11-26,22,1178351.216208364,1903356.801857411,41.890122353,-87.620461395,"(41.890122353000002, -87.620461395000007)",11,2014,26,2014-11,2,1280,19.8359375
55162,3137 W PETERSON,CHI024,2014-11-27,80,1154183.287274807,1939668.834930217,41.990281914,-87.70824462600001,"(41.990281914000001, -87.70824462600001)",11,2014,27,2014-11,3,779,24.93877551020408
80038,2917 W ROOSEVELT,CHI019,2014-11-27,35,1156991.618473341,1894531.138408719,41.866364024,-87.69914296600001,"(41.866364023999999, -87.699142966000011)",11,2014,27,2014-11,3,220,19.736263736263737
49798,449 N COLUMBUS DR,CHI124,2014-11-27,12,1178428.35425324,1903326.613409231,41.890037755,-87.620179034,"(41.890037755000002, -87.620179034000003)",11,2014,27,2014-11,3,1280,19.5
70395,450 N COLUMBUS DR,CHI125,2014-11-27,35,1178351.216208364,1903356.801857411,41.890122353,-87.620461395,"(41.890122353000002, -87.620461395000007)",11,2014,27,2014-11,3,1280,19.5
42274,2513 W 55TH,CHI070,2014-11-27,32,1160431.7488699341,1868077.6747288718,41.793702249,-87.687244272,"(41.793702248999999, -87.687244272000001)",11,2014,27,2014-11,3,4,23.047169811320753
47007,2705 W IRVING PARK,CHI079,2014-11-27,114,1157555.242825448,1926426.21147583,41.953875265,-87.69620408899999,"(41.953875265000001, -87.696204088999991)",11,2014,27,2014-11,3,292,21.041666666666668
56500,3137 W PETERSON,CHI024,2014-11-28,50,1154183.287274807,1939668.834930217,41.990281914,-87.70824462600001,"(41.990281914000001, -87.70824462600001)",11,2014,28,2014-11,4,779,21.5
84655,449 N COLUMBUS DR,CHI124,2014-11-28,14,1178428.35425324,1903326.613409231,41.890037755,-87.620179034,"(41.890037755000002, -87.620179034000003)",11,2014,28,2014-11,4,1280,19.937007874015748
74227,2917 W ROOSEVELT,CHI019,2014-11-28,44,1156991.618473341,1894531.138408719,41.866364024,-87.69914296600001,"(41.866364023999999, -87.699142966000011)",11,2014,28,2014-11,4,220,19.245283018867923
49421,2705 W IRVING PARK,CHI079,2014-11-28,99,1157555.242825448,1926426.21147583,41.953875265,-87.69620408899999,"(41.953875265000001, -87.696204088999991)",11,2014,28,2014-11,4,292,20.88118811881188
45073,450 N COLUMBUS DR,CHI125,2014-11-28,25,1178351.216208364,1903356.801857411,41.890122353,-87.620461395,"(41.890122353000002, -87.620461395000007)",11,2014,28,2014-11,4,1280,19.937007874015748
46349,2513 W 55TH,CHI070,2014-11-28,39,1160431.7488699341,1868077.6747288718,41.793702249,-87.687244272,"(41.793702248999999, -87.687244272000001)",11,2014,28,2014-11,4,4,22.35
61528,450 N COLUMBUS DR,CHI125,2014-11-29,13,1178351.216208364,1903356.801857411,41.890122353,-87.620461395,"(41.890122353000002, -87.620461395000007)",11,2014,29,2014-11,5,1280,19.586206896551722
74667,2705 W IRVING PARK,CHI079,2014-11-29,104,1157555.242825448,1926426.21147583,41.953875265,-87.69620408899999,"(41.953875265000001, -87.696204088999991)",11,2014,29,2014-11,5,292,21.50515463917526
90630,449 N COLUMBUS DR,CHI124,2014-11-29,2,1178428.35425324,1903326.613409231,41.890037755,-87.620179034,"(41.890037755000002, -87.620179034000003)",11,2014,29,2014-11,5,1280,19.586206896551722
58205,2917 W ROOSEVELT,CHI019,2014-11-29,50,1156991.618473341,1894531.138408719,41.866364024,-87.69914296600001,"(41.866364023999999, -87.699142966000011)",11,2014,29,2014-11,5,220,20.108695652173914
40713,3137 W PETERSON,CHI024,2014-11-29,62,1154183.287274807,1939668.834930217,41.990281914,-87.70824462600001,"(41.990281914000001, -87.70824462600001)",11,2014,29,2014-11,5,779,22.532258064516128
61737,2513 W 55TH,CHI070,2014-11-29,33,1160431.7488699341,1868077.6747288718,41.793702249,-87.687244272,"(41.793702248999999, -87.687244272000001)",11,2014,29,2014-11,5,4,23.0990990990991
77371,2917 W ROOSEVELT,CHI019,2014-11-30,38,1156991.618473341,1894531.138408719,41.866364024,-87.69914296600001,"(41.866364023999999, -87.699142966000011)",11,2014,30,2014-11,6,220,19.761904761904763
73077,3137 W PETERSON,CHI024,2014-11-30,59,1154183.287274807,1939668.834930217,41.990281914,-87.70824462600001,"(41.990281914000001, -87.70824462600001)",11,2014,30,2014-11,6,779,22.70212765957447
64678,450 N COLUMBUS DR,CHI125,2014-11-30,19,1178351.216208364,1903356.801857411,41.890122353,-87.620461395,"(41.890122353000002, -87.620461395000007)",11,2014,30,2014-11,6,1280,20.097345132743364
42621,449 N COLUMBUS DR,CHI124,2014-11-30,4,1178428.35425324,1903326.613409231,41.890037755,-87.620179034,"(41.890037755000002, -87.620179034000003)",11,2014,30,2014-11,6,1280,20.097345132743364
79616,2705 W IRVING PARK,CHI079,2014-11-30,86,1157555.242825448,1926426.21147583,41.953875265,-87.69620408899999,"(41.953875265000001, -87.696204088999991)",11,2014,30,2014-11,6,292,20.91111111111111
78469,2513 W 55TH,CHI070,2014-11-30,26,1160431.7488699341,1868077.6747288718,41.793702249,-87.687244272,"(41.793702248999999, -87.687244272000001)",11,2014,30,2014-11,6,4,23.058823529411764
63986,2917 W ROOSEVELT,CHI019,2014-12-01,45,1156991.618473341,1894531.138408719,41.866364024,-87.69914296600001,"(41.866364023999999, -87.699142966000011)",12,2014,1,2014-12,0,220,20.57
44896,449 N COLUMBUS DR,CHI124,2014-12-01,4,1178428.35425324,1903326.613409231,41.890037755,-87.620179034,"(41.890037755000002, -87.620179034000003)",12,2014,1,2014-12,0,1280,19.214876033057852
87546,4965 S ARCHER,CHI032,2014-12-01,21,1150880.680088461,1871373.743751604,41.80293879,-87.722181792,"(41.802938789999999, -87.722181792000001)",12,2014,1,2014-12,0,499,24.640776699029125
98899,19 W CHICAGO AVE,CHI133,2014-12-01,5,1176000.008484107,1905682.004927479,41.896556106999995,-87.629025904,"(41.896556106999995, -87.629025904000002)",12,2014,1,2014-12,0,1287,15.6015625
70153,450 N COLUMBUS DR,CHI125,2014-12-01,24,1178351.216208364,1903356.801857411,41.890122353,-87.620461395,"(41.890122353000002, -87.620461395000007)",12,2014,1,2014-12,0,1280,19.214876033057852
69531,5030 S PULASKI,CHI031,2014-12-01,46,1150513.081876743,1870811.076557055,41.801401913,-87.72354459799999,"(41.801401912999999, -87.723544597999989)",12,2014,1,2014-12,0,498,20.036496350364963
99511,4929 S PULASKI,CHI030,2014-12-01,19,1150573.998715103,1871490.401558551,41.803264895,-87.72330350899999,"(41.803264894999998, -87.72330350899999)",12,2014,1,2014-12,0,499,24.640776699029125
77358,2109 E 87TH ST,CHI145,2014-12-01,49,1191794.819430013,1847666.1661950282,41.736987090999996,-87.572901178,"(41.736987090999996, -87.572901177999995)",12,2014,1,2014-12,0,263,22.341463414634145
53089,2603 W 79TH,CHI066,2014-12-01,12,1160350.070879175,1852097.8260689732,41.74985294,-87.687983475,"(41.749852939999997, -87.687983474999996)",12,2014,1,2014-12,0,444,23.827272727272728
54008,3137 W PETERSON,CHI024,2014-12-01,46,1154183.287274807,1939668.834930217,41.990281914,-87.70824462600001,"(41.990281914000001, -87.70824462600001)",12,2014,1,2014-12,0,779,20.25974025974026
44154,2705 W IRVING PARK,CHI079,2014-12-01,82,1157555.242825448,1926426.21147583,41.953875265,-87.69620408899999,"(41.953875265000001, -87.696204088999991)",12,2014,1,2014-12,0,292,20.666666666666668
64629,2513 W 55TH,CHI070,2014-12-01,17,1160431.7488699341,1868077.6747288718,41.793702249,-87.687244272,"(41.793702248999999, -87.687244272000001)",12,2014,1,2014-12,0,4,21.846774193548388
67276,4707 W PETERSON AVE,CHI115,2014-12-01,24,1143859.071304929,1939422.942112187,41.989807669,-87.74622580399999,"(41.989807669000001, -87.746225803999991)",12,2014,1,2014-12,0,775,24.10144927536232
59605,2705 W IRVING PARK,CHI079,2014-12-02,106,1157555.242825448,1926426.21147583,41.953875265,-87.69620408899999,"(41.953875265000001, -87.696204088999991)",12,2014,2,2014-12,1,292,20.22772277227723
59201,5030 S PULASKI,CHI031,2014-12-02,62,1150513.081876743,1870811.076557055,41.801401913,-87.72354459799999,"(41.801401912999999, -87.723544597999989)",12,2014,2,2014-12,1,498,19.333333333333332
102907,4929 S PULASKI,CHI030,2014-12-02,35,1150573.998715103,1871490.401558551,41.803264895,-87.72330350899999,"(41.803264894999998, -87.72330350899999)",12,2014,2,2014-12,1,499,25.270833333333332
85959,3137 W PETERSON,CHI024,2014-12-02,41,1154183.287274807,1939668.834930217,41.990281914,-87.70824462600001,"(41.990281914000001, -87.70824462600001)",12,2014,2,2014-12,1,779,20.246575342465754
62869,2513 W 55TH,CHI070,2014-12-02,18,1160431.7488699341,1868077.6747288718,41.793702249,-87.687244272,"(41.793702248999999, -87.687244272000001)",12,2014,2,2014-12,1,4,21.383333333333333
38339,2109 E 87TH ST,CHI145,2014-12-02,26,1191794.819430013,1847666.1661950282,41.736987090999996,-87.572901178,"(41.736987090999996, -87.572901177999995)",12,2014,2,2014-12,1,263,22.172131147540984
36136,4707 W PETERSON AVE,CHI115,2014-12-02,39,1143859.071304929,1939422.942112187,41.989807669,-87.74622580399999,"(41.989807669000001, -87.746225803999991)",12,2014,2,2014-12,1,775,24.859375
103836,19 W CHICAGO AVE,CHI133,2014-12-02,4,1176000.008484107,1905682.004927479,41.896556106999995,-87.629025904,"(41.896556106999995, -87.629025904000002)",12,2014,2,2014-12,1,1287,16.0625
91526,2603 W 79TH,CHI066,2014-12-02,26,1160350.070879175,1852097.8260689732,41.74985294,-87.687983475,"(41.749852939999997, -87.687983474999996)",12,2014,2,2014-12,1,444,23.6697247706422
71092,4965 S ARCHER,CHI032,2014-12-02,3,1150880.680088461,1871373.743751604,41.80293879,-87.722181792,"(41.802938789999999, -87.722181792000001)",12,2014,2,2014-12,1,499,25.270833333333332
90994,450 N COLUMBUS DR,CHI125,2014-12-02,16,1178351.216208364,1903356.801857411,41.890122353,-87.620461395,"(41.890122353000002, -87.620461395000007)",12,2014,2,2014-12,1,1280,18.5546875
58915,2917 W ROOSEVELT,CHI019,2014-12-02,52,1156991.618473341,1894531.138408719,41.866364024,-87.69914296600001,"(41.866364023999999, -87.699142966000011)",12,2014,2,2014-12,1,220,19.73076923076923
71926,449 N COLUMBUS DR,CHI124,2014-12-02,8,1178428.35425324,1903326.613409231,41.890037755,-87.620179034,"(41.890037755000002, -87.620179034000003)",12,2014,2,2014-12,1,1280,18.5546875
50759,2603 W 79TH,CHI066,2014-12-03,10,1160350.070879175,1852097.8260689732,41.74985294,-87.687983475,"(41.749852939999997, -87.687983474999996)",12,2014,3,2014-12,2,444,23.684684684684683
67098,2917 W ROOSEVELT,CHI019,2014-12-03,82,1156991.618473341,1894531.138408719,41.866364024,-87.69914296600001,"(41.866364023999999, -87.699142966000011)",12,2014,3,2014-12,2,220,20.009615384615383
70069,2513 W 55TH,CHI070,2014-12-03,18,1160431.7488699341,1868077.6747288718,41.793702249,-87.687244272,"(41.793702248999999, -87.687244272000001)",12,2014,3,2014-12,2,4,22.218487394957982
102544,19 W CHICAGO AVE,CHI133,2014-12-03,7,1176000.008484107,1905682.004927479,41.896556106999995,-87.629025904,"(41.896556106999995, -87.629025904000002)",12,2014,3,2014-12,2,1287,15.814516129032258
75722,450 N COLUMBUS DR,CHI125,2014-12-03,25,1178351.216208364,1903356.801857411,41.890122353,-87.620461395,"(41.890122353000002, -87.620461395000007)",12,2014,3,2014-12,2,1280,19.84873949579832
77437,4707 W PETERSON AVE,CHI115,2014-12-03,39,1143859.071304929,1939422.942112187,41.989807669,-87.74622580399999,"(41.989807669000001, -87.746225803999991)",12,2014,3,2014-12,2,775,23.859375
37246,2705 W IRVING PARK,CHI079,2014-12-03,93,1157555.242825448,1926426.21147583,41.953875265,-87.69620408899999,"(41.953875265000001, -87.696204088999991)",12,2014,3,2014-12,2,292,20.53061224489796
59812,4965 S ARCHER,CHI032,2014-12-03,23,1150880.680088461,1871373.743751604,41.80293879,-87.722181792,"(41.802938789999999, -87.722181792000001)",12,2014,3,2014-12,2,499,23.896907216494846
60096,449 N COLUMBUS DR,CHI124,2014-12-03,7,1178428.35425324,1903326.613409231,41.890037755,-87.620179034,"(41.890037755000002, -87.620179034000003)",12,2014,3,2014-12,2,1280,19.84873949579832
103807,4929 S PULASKI,CHI030,2014-12-03,19,1150573.998715103,1871490.401558551,41.803264895,-87.72330350899999,"(41.803264894999998, -87.72330350899999)",12,2014,3,2014-12,2,499,23.896907216494846
77396,3137 W PETERSON,CHI024,2014-12-03,49,1154183.287274807,1939668.834930217,41.990281914,-87.70824462600001,"(41.990281914000001, -87.70824462600001)",12,2014,3,2014-12,2,779,19.415584415584416
56724,2109 E 87TH ST,CHI145,2014-12-03,27,1191794.819430013,1847666.1661950282,41.736987090999996,-87.572901178,"(41.736987090999996, -87.572901177999995)",12,2014,3,2014-12,2,263,23.17241379310345
85985,5030 S PULASKI,CHI031,2014-12-03,48,1150513.081876743,1870811.076557055,41.801401913,-87.72354459799999,"(41.801401912999999, -87.723544597999989)",12,2014,3,2014-12,2,498,19.593984962406015
62712,450 N COLUMBUS DR,CHI125,2014-12-04,39,1178351.216208364,1903356.801857411,41.890122353,-87.620461395,"(41.890122353000002, -87.620461395000007)",12,2014,4,2014-12,3,1280,19.130434782608695
91407,2109 E 87TH ST,CHI145,2014-12-04,26,1191794.819430013,1847666.1661950282,41.736987090999996,-87.572901178,"(41.736987090999996, -87.572901177999995)",12,2014,4,2014-12,3,263,22.495652173913044
70091,2603 W 79TH,CHI066,2014-12-04,15,1160350.070879175,1852097.8260689732,41.74985294,-87.687983475,"(41.749852939999997, -87.687983474999996)",12,2014,4,2014-12,3,444,23.40776699029126
63119,4965 S ARCHER,CHI032,2014-12-04,31,1150880.680088461,1871373.743751604,41.80293879,-87.722181792,"(41.802938789999999, -87.722181792000001)",12,2014,4,2014-12,3,499,24.086021505376344
70507,4707 W PETERSON AVE,CHI115,2014-12-04,41,1143859.071304929,1939422.942112187,41.989807669,-87.74622580399999,"(41.989807669000001, -87.746225803999991)",12,2014,4,2014-12,3,775,24.23728813559322
50986,5030 S PULASKI,CHI031,2014-12-04,54,1150513.081876743,1870811.076557055,41.801401913,-87.72354459799999,"(41.801401912999999, -87.723544597999989)",12,2014,4,2014-12,3,498,20.37984496124031
84818,2513 W 55TH,CHI070,2014-12-04,21,1160431.7488699341,1868077.6747288718,41.793702249,-87.687244272,"(41.793702248999999, -87.687244272000001)",12,2014,4,2014-12,3,4,21.65137614678899
58129,2705 W IRVING PARK,CHI079,2014-12-04,75,1157555.242825448,1926426.21147583,41.953875265,-87.69620408899999,"(41.953875265000001, -87.696204088999991)",12,2014,4,2014-12,3,292,21.237113402061855
46816,2917 W ROOSEVELT,CHI019,2014-12-04,54,1156991.618473341,1894531.138408719,41.866364024,-87.69914296600001,"(41.866364023999999, -87.699142966000011)",12,2014,4,2014-12,3,220,20.032608695652176
103558,4929 S PULASKI,CHI030,2014-12-04,13,1150573.998715103,1871490.401558551,41.803264895,-87.72330350899999,"(41.803264894999998, -87.72330350899999)",12,2014,4,2014-12,3,499,24.086021505376344
99607,19 W CHICAGO AVE,CHI133,2014-12-04,1,1176000.008484107,1905682.004927479,41.896556106999995,-87.629025904,"(41.896556106999995, -87.629025904000002)",12,2014,4,2014-12,3,1287,15.966386554621849
47253,3137 W PETERSON,CHI024,2014-12-04,46,1154183.287274807,1939668.834930217,41.990281914,-87.70824462600001,"(41.990281914000001, -87.70824462600001)",12,2014,4,2014-12,3,779,19.945205479452056
59449,449 N COLUMBUS DR,CHI124,2014-12-04,8,1178428.35425324,1903326.613409231,41.890037755,-87.620179034,"(41.890037755000002, -87.620179034000003)",12,2014,4,2014-12,3,1280,19.130434782608695
46947,2603 W 79TH,CHI066,2014-12-05,13,1160350.070879175,1852097.8260689732,41.74985294,-87.687983475,"(41.749852939999997, -87.687983474999996)",12,2014,5,2014-12,4,444,23.935185185185187
67988,449 N COLUMBUS DR,CHI124,2014-12-05,6,1178428.35425324,1903326.613409231,41.890037755,-87.620179034,"(41.890037755000002, -87.620179034000003)",12,2014,5,2014-12,4,1280,19.203252032520325
99535,4929 S PULASKI,CHI030,2014-12-05,25,1150573.998715103,1871490.401558551,41.803264895,-87.72330350899999,"(41.803264894999998, -87.72330350899999)",12,2014,5,2014-12,4,499,24.28421052631579
69403,3137 W PETERSON,CHI024,2014-12-05,26,1154183.287274807,1939668.834930217,41.990281914,-87.70824462600001,"(41.990281914000001, -87.70824462600001)",12,2014,5,2014-12,4,779,20.06578947368421
107599,19 W CHICAGO AVE,CHI133,2014-12-05,1,1176000.008484107,1905682.004927479,41.896556106999995,-87.629025904,"(41.896556106999995, -87.629025904000002)",12,2014,5,2014-12,4,1287,15.56910569105691
51692,2513 W 55TH,CHI070,2014-12-05,25,1160431.7488699341,1868077.6747288718,41.793702249,-87.687244272,"(41.793702248999999, -87.687244272000001)",12,2014,5,2014-12,4,4,21.069565217391304
44918,2109 E 87TH ST,CHI145,2014-12-05,35,1191794.819430013,1847666.1661950282,41.736987090999996,-87.572901178,"(41.736987090999996, -87.572901177999995)",12,2014,5,2014-12,4,263,23.30327868852459
67026,2917 W ROOSEVELT,CHI019,2014-12-05,55,1156991.618473341,1894531.138408719,41.866364024,-87.69914296600001,"(41.866364023999999, -87.699142966000011)",12,2014,5,2014-12,4,220,20.404040404040405
70307,2705 W IRVING PARK,CHI079,2014-12-05,94,1157555.242825448,1926426.21147583,41.953875265,-87.69620408899999,"(41.953875265000001, -87.696204088999991)",12,2014,5,2014-12,4,292,20.410526315789475
54728,5030 S PULASKI,CHI031,2014-12-05,58,1150513.081876743,1870811.076557055,41.801401913,-87.72354459799999,"(41.801401912999999, -87.723544597999989)",12,2014,5,2014-12,4,498,18.934306569343065
67147,450 N COLUMBUS DR,CHI125,2014-12-05,47,1178351.216208364,1903356.801857411,41.890122353,-87.620461395,"(41.890122353000002, -87.620461395000007)",12,2014,5,2014-12,4,1280,19.203252032520325
76645,4965 S ARCHER,CHI032,2014-12-05,28,1150880.680088461,1871373.743751604,41.80293879,-87.722181792,"(41.802938789999999, -87.722181792000001)",12,2014,5,2014-12,4,499,24.28421052631579
75075,4707 W PETERSON AVE,CHI115,2014-12-05,48,1143859.071304929,1939422.942112187,41.989807669,-87.74622580399999,"(41.989807669000001, -87.746225803999991)",12,2014,5,2014-12,4,775,24.19047619047619
55855,2917 W ROOSEVELT,CHI019,2014-12-06,54,1156991.618473341,1894531.138408719,41.866364024,-87.69914296600001,"(41.866364023999999, -87.699142966000011)",12,2014,6,2014-12,5,220,20.84269662921348
66972,3137 W PETERSON,CHI024,2014-12-06,52,1154183.287274807,1939668.834930217,41.990281914,-87.70824462600001,"(41.990281914000001, -87.70824462600001)",12,2014,6,2014-12,5,779,21.919354838709676
83541,450 N COLUMBUS DR,CHI125,2014-12-06,28,1178351.216208364,1903356.801857411,41.890122353,-87.620461395,"(41.890122353000002, -87.620461395000007)",12,2014,6,2014-12,5,1280,20.21951219512195
60595,449 N COLUMBUS DR,CHI124,2014-12-06,4,1178428.35425324,1903326.613409231,41.890037755,-87.620179034,"(41.890037755000002, -87.620179034000003)",12,2014,6,2014-12,5,1280,20.21951219512195
55433,2513 W 55TH,CHI070,2014-12-06,19,1160431.7488699341,1868077.6747288718,41.793702249,-87.687244272,"(41.793702248999999, -87.687244272000001)",12,2014,6,2014-12,5,4,22.629310344827587
78950,2705 W IRVING PARK,CHI079,2014-12-06,43,1157555.242825448,1926426.21147583,41.953875265,-87.69620408899999,"(41.953875265000001, -87.696204088999991)",12,2014,6,2014-12,5,292,21.141304347826086
42075,449 N COLUMBUS DR,CHI124,2014-12-07,3,1178428.35425324,1903326.613409231,41.890037755,-87.620179034,"(41.890037755000002, -87.620179034000003)",12,2014,7,2014-12,6,1280,20.100840336134453
82637,3137 W PETERSON,CHI024,2014-12-07,62,1154183.287274807,1939668.834930217,41.990281914,-87.70824462600001,"(41.990281914000001, -87.70824462600001)",12,2014,7,2014-12,6,779,21.186046511627907
53540,450 N COLUMBUS DR,CHI125,2014-12-07,32,1178351.216208364,1903356.801857411,41.890122353,-87.620461395,"(41.890122353000002, -87.620461395000007)",12,2014,7,2014-12,6,1280,20.100840336134453
47730,2705 W IRVING PARK,CHI079,2014-12-07,138,1157555.242825448,1926426.21147583,41.953875265,-87.69620408899999,"(41.953875265000001, -87.696204088999991)",12,2014,7,2014-12,6,292,21.689320388349515
77498,2917 W ROOSEVELT,CHI019,2014-12-07,41,1156991.618473341,1894531.138408719,41.866364024,-87.69914296600001,"(41.866364023999999, -87.699142966000011)",12,2014,7,2014-12,6,220,21.290697674418606
48521,2513 W 55TH,CHI070,2014-12-07,22,1160431.7488699341,1868077.6747288718,41.793702249,-87.687244272,"(41.793702248999999, -87.687244272000001)",12,2014,7,2014-12,6,4,23.281553398058254
57744,2917 W ROOSEVELT,CHI019,2014-12-08,33,1156991.618473341,1894531.138408719,41.866364024,-87.69914296600001,"(41.866364023999999, -87.699142966000011)",12,2014,8,2014-12,0,220,20.475247524752476
52476,450 N COLUMBUS DR,CHI125,2014-12-08,11,1178351.216208364,1903356.801857411,41.890122353,-87.620461395,"(41.890122353000002, -87.620461395000007)",12,2014,8,2014-12,0,1280,18.796875
85863,4707 W PETERSON AVE,CHI115,2014-12-08,26,1143859.071304929,1939422.942112187,41.989807669,-87.74622580399999,"(41.989807669000001, -87.746225803999991)",12,2014,8,2014-12,0,775,24.135593220338983
103337,4929 S PULASKI,CHI030,2014-12-08,13,1150573.998715103,1871490.401558551,41.803264895,-87.72330350899999,"(41.803264894999998, -87.72330350899999)",12,2014,8,2014-12,0,499,24.760416666666668
86150,2513 W 55TH,CHI070,2014-12-08,1,1160431.7488699341,1868077.6747288718,41.793702249,-87.687244272,"(41.793702248999999, -87.687244272000001)",12,2014,8,2014-12,0,4,21.016
41535,2603 W 79TH,CHI066,2014-12-08,7,1160350.070879175,1852097.8260689732,41.74985294,-87.687983475,"(41.749852939999997, -87.687983474999996)",12,2014,8,2014-12,0,444,22.232142857142858
86302,5030 S PULASKI,CHI031,2014-12-08,42,1150513.081876743,1870811.076557055,41.801401913,-87.72354459799999,"(41.801401912999999, -87.723544597999989)",12,2014,8,2014-12,0,498,19.598540145985403
65353,2705 W IRVING PARK,CHI079,2014-12-08,63,1157555.242825448,1926426.21147583,41.953875265,-87.69620408899999,"(41.953875265000001, -87.696204088999991)",12,2014,8,2014-12,0,292,19.702970297029704
77591,449 N COLUMBUS DR,CHI124,2014-12-08,5,1178428.35425324,1903326.613409231,41.890037755,-87.620179034,"(41.890037755000002, -87.620179034000003)",12,2014,8,2014-12,0,1280,18.796875
82212,3137 W PETERSON,CHI024,2014-12-08,22,1154183.287274807,1939668.834930217,41.990281914,-87.70824462600001,"(41.990281914000001, -87.70824462600001)",12,2014,8,2014-12,0,779,19.106666666666666
80769,2109 E 87TH ST,CHI145,2014-12-08,25,1191794.819430013,1847666.1661950282,41.736987090999996,-87.572901178,"(41.736987090999996, -87.572901177999995)",12,2014,8,2014-12,0,263,22.33884297520661
102165,19 W CHICAGO AVE,CHI133,2014-12-08,2,1176000.008484107,1905682.004927479,41.896556106999995,-87.629025904,"(41.896556106999995, -87.629025904000002)",12,2014,8,2014-12,0,1287,15.709677419354838
55005,4965 S ARCHER,CHI032,2014-12-08,11,1150880.680088461,1871373.743751604,41.80293879,-87.722181792,"(41.802938789999999, -87.722181792000001)",12,2014,8,2014-12,0,499,24.760416666666668
106443,19 W CHICAGO AVE,CHI133,2014-12-09,3,1176000.008484107,1905682.004927479,41.896556106999995,-87.629025904,"(41.896556106999995, -87.629025904000002)",12,2014,9,2014-12,1,1287,15.7
36265,4707 W PETERSON AVE,CHI115,2014-12-09,28,1143859.071304929,1939422.942112187,41.989807669,-87.74622580399999,"(41.989807669000001, -87.746225803999991)",12,2014,9,2014-12,1,775,24.34375
84651,450 N COLUMBUS DR,CHI125,2014-12-09,14,1178351.216208364,1903356.801857411,41.890122353,-87.620461395,"(41.890122353000002, -87.620461395000007)",12,2014,9,2014-12,1,1280,19.18320610687023
70930,3137 W PETERSON,CHI024,2014-12-09,23,1154183.287274807,1939668.834930217,41.990281914,-87.70824462600001,"(41.990281914000001, -87.70824462600001)",12,2014,9,2014-12,1,779,19.02777777777778
37250,449 N COLUMBUS DR,CHI124,2014-12-09,6,1178428.35425324,1903326.613409231,41.890037755,-87.620179034,"(41.890037755000002, -87.620179034000003)",12,2014,9,2014-12,1,1280,19.18320610687023
63982,4965 S ARCHER,CHI032,2014-12-09,15,1150880.680088461,1871373.743751604,41.80293879,-87.722181792,"(41.802938789999999, -87.722181792000001)",12,2014,9,2014-12,1,499,25.282828282828284
85575,2917 W ROOSEVELT,CHI019,2014-12-09,42,1156991.618473341,1894531.138408719,41.866364024,-87.69914296600001,"(41.866364023999999, -87.699142966000011)",12,2014,9,2014-12,1,220,20.990291262135923
65276,5030 S PULASKI,CHI031,2014-12-09,51,1150513.081876743,1870811.076557055,41.801401913,-87.72354459799999,"(41.801401912999999, -87.723544597999989)",12,2014,9,2014-12,1,498,18.71014492753623
56533,2705 W IRVING PARK,CHI079,2014-12-09,42,1157555.242825448,1926426.21147583,41.953875265,-87.69620408899999,"(41.953875265000001, -87.696204088999991)",12,2014,9,2014-12,1,292,20.125
105521,4929 S PULASKI,CHI030,2014-12-09,9,1150573.998715103,1871490.401558551,41.803264895,-87.72330350899999,"(41.803264894999998, -87.72330350899999)",12,2014,9,2014-12,1,499,25.282828282828284
48352,2109 E 87TH ST,CHI145,2014-12-09,30,1191794.819430013,1847666.1661950282,41.736987090999996,-87.572901178,"(41.736987090999996, -87.572901177999995)",12,2014,9,2014-12,1,263,22.228070175438596
69726,2513 W 55TH,CHI070,2014-12-09,9,1160431.7488699341,1868077.6747288718,41.793702249,-87.687244272,"(41.793702248999999, -87.687244272000001)",12,2014,9,2014-12,1,4,22.0
67348,2603 W 79TH,CHI066,2014-12-09,9,1160350.070879175,1852097.8260689732,41.74985294,-87.687983475,"(41.749852939999997, -87.687983474999996)",12,2014,9,2014-12,1,444,22.892857142857142
38827,5030 S PULASKI,CHI031,2014-12-10,44,1150513.081876743,1870811.076557055,41.801401913,-87.72354459799999,"(41.801401912999999, -87.723544597999989)",12,2014,10,2014-12,2,498,19.94074074074074
85639,2603 W 79TH,CHI066,2014-12-10,10,1160350.070879175,1852097.8260689732,41.74985294,-87.687983475,"(41.749852939999997, -87.687983474999996)",12,2014,10,2014-12,2,444,23.144144144144143
78030,2705 W IRVING PARK,CHI079,2014-12-10,78,1157555.242825448,1926426.21147583,41.953875265,-87.69620408899999,"(41.953875265000001, -87.696204088999991)",12,2014,10,2014-12,2,292,19.731182795698924
107911,4929 S PULASKI,CHI030,2014-12-10,16,1150573.998715103,1871490.401558551,41.803264895,-87.72330350899999,"(41.803264894999998, -87.72330350899999)",12,2014,10,2014-12,2,499,24.67676767676768
48062,449 N COLUMBUS DR,CHI124,2014-12-10,4,1178428.35425324,1903326.613409231,41.890037755,-87.620179034,"(41.890037755000002, -87.620179034000003)",12,2014,10,2014-12,2,1280,18.7984496124031
70461,2917 W ROOSEVELT,CHI019,2014-12-10,56,1156991.618473341,1894531.138408719,41.866364024,-87.69914296600001,"(41.866364023999999, -87.699142966000011)",12,2014,10,2014-12,2,220,20.201923076923077
55294,4707 W PETERSON AVE,CHI115,2014-12-10,20,1143859.071304929,1939422.942112187,41.989807669,-87.74622580399999,"(41.989807669000001, -87.746225803999991)",12,2014,10,2014-12,2,775,23.695652173913043
45699,2109 E 87TH ST,CHI145,2014-12-10,28,1191794.819430013,1847666.1661950282,41.736987090999996,-87.572901178,"(41.736987090999996, -87.572901177999995)",12,2014,10,2014-12,2,263,22.854700854700855
40908,3137 W PETERSON,CHI024,2014-12-10,35,1154183.287274807,1939668.834930217,41.990281914,-87.70824462600001,"(41.990281914000001, -87.70824462600001)",12,2014,10,2014-12,2,779,19.607142857142858
81570,4965 S ARCHER,CHI032,2014-12-10,6,1150880.680088461,1871373.743751604,41.80293879,-87.722181792,"(41.802938789999999, -87.722181792000001)",12,2014,10,2014-12,2,499,24.67676767676768
104669,19 W CHICAGO AVE,CHI133,2014-12-10,9,1176000.008484107,1905682.004927479,41.896556106999995,-87.629025904,"(41.896556106999995, -87.629025904000002)",12,2014,10,2014-12,2,1287,16.257575757575758
58235,450 N COLUMBUS DR,CHI125,2014-12-10,19,1178351.216208364,1903356.801857411,41.890122353,-87.620461395,"(41.890122353000002, -87.620461395000007)",12,2014,10,2014-12,2,1280,18.7984496124031
85989,2603 W 79TH,CHI066,2014-12-11,12,1160350.070879175,1852097.8260689732,41.74985294,-87.687983475,"(41.749852939999997, -87.687983474999996)",12,2014,11,2014-12,3,444,23.20353982300885
105210,19 W CHICAGO AVE,CHI133,2014-12-11,5,1176000.008484107,1905682.004927479,41.896556106999995,-87.629025904,"(41.896556106999995, -87.629025904000002)",12,2014,11,2014-12,3,1287,15.96923076923077
50009,5030 S PULASKI,CHI031,2014-12-11,98,1150513.081876743,1870811.076557055,41.801401913,-87.72354459799999,"(41.801401912999999, -87.723544597999989)",12,2014,11,2014-12,3,498,19.977941176470587
61986,4707 W PETERSON AVE,CHI115,2014-12-11,30,1143859.071304929,1939422.942112187,41.989807669,-87.74622580399999,"(41.989807669000001, -87.746225803999991)",12,2014,11,2014-12,3,775,24.696969696969695
107417,4929 S PULASKI,CHI030,2014-12-11,32,1150573.998715103,1871490.401558551,41.803264895,-87.72330350899999,"(41.803264894999998, -87.72330350899999)",12,2014,11,2014-12,3,499,24.03125
79750,449 N COLUMBUS DR,CHI124,2014-12-11,13,1178428.35425324,1903326.613409231,41.890037755,-87.620179034,"(41.890037755000002, -87.620179034000003)",12,2014,11,2014-12,3,1280,19.4140625
83819,2109 E 87TH ST,CHI145,2014-12-11,35,1191794.819430013,1847666.1661950282,41.736987090999996,-87.572901178,"(41.736987090999996, -87.572901177999995)",12,2014,11,2014-12,3,263,22.725806451612904
66891,4965 S ARCHER,CHI032,2014-12-11,32,1150880.680088461,1871373.743751604,41.80293879,-87.722181792,"(41.802938789999999, -87.722181792000001)",12,2014,11,2014-12,3,499,24.03125
81249,450 N COLUMBUS DR,CHI125,2014-12-11,29,1178351.216208364,1903356.801857411,41.890122353,-87.620461395,"(41.890122353000002, -87.620461395000007)",12,2014,11,2014-12,3,1280,19.4140625
75639,2705 W IRVING PARK,CHI079,2014-12-11,76,1157555.242825448,1926426.21147583,41.953875265,-87.69620408899999,"(41.953875265000001, -87.696204088999991)",12,2014,11,2014-12,3,292,20.010416666666668
72983,2917 W ROOSEVELT,CHI019,2014-12-11,54,1156991.618473341,1894531.138408719,41.866364024,-87.69914296600001,"(41.866364023999999, -87.699142966000011)",12,2014,11,2014-12,3,220,20.212962962962962
43764,2513 W 55TH,CHI070,2014-12-11,17,1160431.7488699341,1868077.6747288718,41.793702249,-87.687244272,"(41.793702248999999, -87.687244272000001)",12,2014,11,2014-12,3,4,21.10185185185185
51944,3137 W PETERSON,CHI024,2014-12-11,52,1154183.287274807,1939668.834930217,41.990281914,-87.70824462600001,"(41.990281914000001, -87.70824462600001)",12,2014,11,2014-12,3,779,18.7
57707,2917 W ROOSEVELT,CHI019,2014-12-12,43,1156991.618473341,1894531.138408719,41.866364024,-87.69914296600001,"(41.866364023999999, -87.699142966000011)",12,2014,12,2014-12,4,220,20.221153846153847
63817,2109 E 87TH ST,CHI145,2014-12-12,24,1191794.819430013,1847666.1661950282,41.736987090999996,-87.572901178,"(41.736987090999996, -87.572901177999995)",12,2014,12,2014-12,4,263,22.56910569105691
61152,2513 W 55TH,CHI070,2014-12-12,10,1160431.7488699341,1868077.6747288718,41.793702249,-87.687244272,"(41.793702248999999, -87.687244272000001)",12,2014,12,2014-12,4,4,21.0
44460,450 N COLUMBUS DR,CHI125,2014-12-12,38,1178351.216208364,1903356.801857411,41.890122353,-87.620461395,"(41.890122353000002, -87.620461395000007)",12,2014,12,2014-12,4,1280,18.826771653543307
51216,2705 W IRVING PARK,CHI079,2014-12-12,96,1157555.242825448,1926426.21147583,41.953875265,-87.69620408899999,"(41.953875265000001, -87.696204088999991)",12,2014,12,2014-12,4,292,20.26923076923077
38602,5030 S PULASKI,CHI031,2014-12-12,55,1150513.081876743,1870811.076557055,41.801401913,-87.72354459799999,"(41.801401912999999, -87.723544597999989)",12,2014,12,2014-12,4,498,18.76153846153846
82358,3137 W PETERSON,CHI024,2014-12-12,40,1154183.287274807,1939668.834930217,41.990281914,-87.70824462600001,"(41.990281914000001, -87.70824462600001)",12,2014,12,2014-12,4,779,19.7027027027027
61517,449 N COLUMBUS DR,CHI124,2014-12-12,9,1178428.35425324,1903326.613409231,41.890037755,-87.620179034,"(41.890037755000002, -87.620179034000003)",12,2014,12,2014-12,4,1280,18.826771653543307
48384,4965 S ARCHER,CHI032,2014-12-12,10,1150880.680088461,1871373.743751604,41.80293879,-87.722181792,"(41.802938789999999, -87.722181792000001)",12,2014,12,2014-12,4,499,24.22222222222222
83948,2603 W 79TH,CHI066,2014-12-12,4,1160350.070879175,1852097.8260689732,41.74985294,-87.687983475,"(41.749852939999997, -87.687983474999996)",12,2014,12,2014-12,4,444,23.376146788990827
105115,19 W CHICAGO AVE,CHI133,2014-12-12,1,1176000.008484107,1905682.004927479,41.896556106999995,-87.629025904,"(41.896556106999995, -87.629025904000002)",12,2014,12,2014-12,4,1287,14.796875
71857,4707 W PETERSON AVE,CHI115,2014-12-12,34,1143859.071304929,1939422.942112187,41.989807669,-87.74622580399999,"(41.989807669000001, -87.746225803999991)",12,2014,12,2014-12,4,775,24.5
105659,4929 S PULASKI,CHI030,2014-12-12,23,1150573.998715103,1871490.401558551,41.803264895,-87.72330350899999,"(41.803264894999998, -87.72330350899999)",12,2014,12,2014-12,4,499,24.22222222222222
76801,3137 W PETERSON,CHI024,2014-12-13,48,1154183.287274807,1939668.834930217,41.990281914,-87.70824462600001,"(41.990281914000001, -87.70824462600001)",12,2014,13,2014-12,5,779,21.896551724137932
76364,2917 W ROOSEVELT,CHI019,2014-12-13,70,1156991.618473341,1894531.138408719,41.866364024,-87.69914296600001,"(41.866364023999999, -87.699142966000011)",12,2014,13,2014-12,5,220,20.114285714285714
85883,2705 W IRVING PARK,CHI079,2014-12-13,117,1157555.242825448,1926426.21147583,41.953875265,-87.69620408899999,"(41.953875265000001, -87.696204088999991)",12,2014,13,2014-12,5,292,21.516483516483518
41758,2513 W 55TH,CHI070,2014-12-13,20,1160431.7488699341,1868077.6747288718,41.793702249,-87.687244272,"(41.793702248999999, -87.687244272000001)",12,2014,13,2014-12,5,4,22.72072072072072
86464,449 N COLUMBUS DR,CHI124,2014-12-13,6,1178428.35425324,1903326.613409231,41.890037755,-87.620179034,"(41.890037755000002, -87.620179034000003)",12,2014,13,2014-12,5,1280,19.983606557377048
72459,450 N COLUMBUS DR,CHI125,2014-12-13,19,1178351.216208364,1903356.801857411,41.890122353,-87.620461395,"(41.890122353000002, -87.620461395000007)",12,2014,13,2014-12,5,1280,19.983606557377048
45462,3137 W PETERSON,CHI024,2014-12-14,55,1154183.287274807,1939668.834930217,41.990281914,-87.70824462600001,"(41.990281914000001, -87.70824462600001)",12,2014,14,2014-12,6,779,22.145833333333332
38644,2917 W ROOSEVELT,CHI019,2014-12-14,47,1156991.618473341,1894531.138408719,41.866364024,-87.69914296600001,"(41.866364023999999, -87.699142966000011)",12,2014,14,2014-12,6,220,21.265822784810126
36120,450 N COLUMBUS DR,CHI125,2014-12-14,23,1178351.216208364,1903356.801857411,41.890122353,-87.620461395,"(41.890122353000002, -87.620461395000007)",12,2014,14,2014-12,6,1280,20.832
77666,2705 W IRVING PARK,CHI079,2014-12-14,103,1157555.242825448,1926426.21147583,41.953875265,-87.69620408899999,"(41.953875265000001, -87.696204088999991)",12,2014,14,2014-12,6,292,21.853932584269664
41580,2513 W 55TH,CHI070,2014-12-14,20,1160431.7488699341,1868077.6747288718,41.793702249,-87.687244272,"(41.793702248999999, -87.687244272000001)",12,2014,14,2014-12,6,4,22.065420560747665
84295,450 N COLUMBUS DR,CHI125,2014-12-15,18,1178351.216208364,1903356.801857411,41.890122353,-87.620461395,"(41.890122353000002, -87.620461395000007)",12,2014,15,2014-12,0,1280,19.3984375
76036,5030 S PULASKI,CHI031,2014-12-15,38,1150513.081876743,1870811.076557055,41.801401913,-87.72354459799999,"(41.801401912999999, -87.723544597999989)",12,2014,15,2014-12,0,498,19.6231884057971
76448,449 N COLUMBUS DR,CHI124,2014-12-15,8,1178428.35425324,1903326.613409231,41.890037755,-87.620179034,"(41.890037755000002, -87.620179034000003)",12,2014,15,2014-12,0,1280,19.3984375
50914,2109 E 87TH ST,CHI145,2014-12-15,19,1191794.819430013,1847666.1661950282,41.736987090999996,-87.572901178,"(41.736987090999996, -87.572901177999995)",12,2014,15,2014-12,0,263,22.178861788617887
60727,2705 W IRVING PARK,CHI079,2014-12-15,61,1157555.242825448,1926426.21147583,41.953875265,-87.69620408899999,"(41.953875265000001, -87.696204088999991)",12,2014,15,2014-12,0,292,20.04
100696,4929 S PULASKI,CHI030,2014-12-15,19,1150573.998715103,1871490.401558551,41.803264895,-87.72330350899999,"(41.803264894999998, -87.72330350899999)",12,2014,15,2014-12,0,499,24.854166666666668
58624,2917 W ROOSEVELT,CHI019,2014-12-15,41,1156991.618473341,1894531.138408719,41.866364024,-87.69914296600001,"(41.866364023999999, -87.699142966000011)",12,2014,15,2014-12,0,220,20.76923076923077
45596,2513 W 55TH,CHI070,2014-12-15,21,1160431.7488699341,1868077.6747288718,41.793702249,-87.687244272,"(41.793702248999999, -87.687244272000001)",12,2014,15,2014-12,0,4,21.991304347826087
59649,3137 W PETERSON,CHI024,2014-12-15,40,1154183.287274807,1939668.834930217,41.990281914,-87.70824462600001,"(41.990281914000001, -87.70824462600001)",12,2014,15,2014-12,0,779,18.65277777777778
103667,19 W CHICAGO AVE,CHI133,2014-12-15,5,1176000.008484107,1905682.004927479,41.896556106999995,-87.629025904,"(41.896556106999995, -87.629025904000002)",12,2014,15,2014-12,0,1287,15.635658914728682
62520,2603 W 79TH,CHI066,2014-12-15,6,1160350.070879175,1852097.8260689732,41.74985294,-87.687983475,"(41.749852939999997, -87.687983474999996)",12,2014,15,2014-12,0,444,22.778761061946902
62417,4707 W PETERSON AVE,CHI115,2014-12-15,27,1143859.071304929,1939422.942112187,41.989807669,-87.74622580399999,"(41.989807669000001, -87.746225803999991)",12,2014,15,2014-12,0,775,24.646153846153847
85212,4965 S ARCHER,CHI032,2014-12-15,12,1150880.680088461,1871373.743751604,41.80293879,-87.722181792,"(41.802938789999999, -87.722181792000001)",12,2014,15,2014-12,0,499,24.854166666666668
41995,2917 W ROOSEVELT,CHI019,2014-12-16,63,1156991.618473341,1894531.138408719,41.866364024,-87.69914296600001,"(41.866364023999999, -87.699142966000011)",12,2014,16,2014-12,1,220,20.37735849056604
38851,2705 W IRVING PARK,CHI079,2014-12-16,80,1157555.242825448,1926426.21147583,41.953875265,-87.69620408899999,"(41.953875265000001, -87.696204088999991)",12,2014,16,2014-12,1,292,20.77
100775,4929 S PULASKI,CHI030,2014-12-16,26,1150573.998715103,1871490.401558551,41.803264895,-87.72330350899999,"(41.803264894999998, -87.72330350899999)",12,2014,16,2014-12,1,499,24.392156862745097
63068,2513 W 55TH,CHI070,2014-12-16,11,1160431.7488699341,1868077.6747288718,41.793702249,-87.687244272,"(41.793702248999999, -87.687244272000001)",12,2014,16,2014-12,1,4,22.008695652173913
62206,449 N COLUMBUS DR,CHI124,2014-12-16,5,1178428.35425324,1903326.613409231,41.890037755,-87.620179034,"(41.890037755000002, -87.620179034000003)",12,2014,16,2014-12,1,1280,18.733870967741936
67019,2603 W 79TH,CHI066,2014-12-16,6,1160350.070879175,1852097.8260689732,41.74985294,-87.687983475,"(41.749852939999997, -87.687983474999996)",12,2014,16,2014-12,1,444,22.71559633027523
56267,3137 W PETERSON,CHI024,2014-12-16,48,1154183.287274807,1939668.834930217,41.990281914,-87.70824462600001,"(41.990281914000001, -87.70824462600001)",12,2014,16,2014-12,1,779,19.775
38410,2109 E 87TH ST,CHI145,2014-12-16,20,1191794.819430013,1847666.1661950282,41.736987090999996,-87.572901178,"(41.736987090999996, -87.572901177999995)",12,2014,16,2014-12,1,263,22.545454545454547
44065,4965 S ARCHER,CHI032,2014-12-16,23,1150880.680088461,1871373.743751604,41.80293879,-87.722181792,"(41.802938789999999, -87.722181792000001)",12,2014,16,2014-12,1,499,24.392156862745097
69472,5030 S PULASKI,CHI031,2014-12-16,44,1150513.081876743,1870811.076557055,41.801401913,-87.72354459799999,"(41.801401912999999, -87.723544597999989)",12,2014,16,2014-12,1,498,19.74264705882353
48637,450 N COLUMBUS DR,CHI125,2014-12-16,18,1178351.216208364,1903356.801857411,41.890122353,-87.620461395,"(41.890122353000002, -87.620461395000007)",12,2014,16,2014-12,1,1280,18.733870967741936
38099,4707 W PETERSON AVE,CHI115,2014-12-16,35,1143859.071304929,1939422.942112187,41.989807669,-87.74622580399999,"(41.989807669000001, -87.746225803999991)",12,2014,16,2014-12,1,775,24.285714285714285
54286,2603 W 79TH,CHI066,2014-12-17,10,1160350.070879175,1852097.8260689732,41.74985294,-87.687983475,"(41.749852939999997, -87.687983474999996)",12,2014,17,2014-12,2,444,22.846846846846848
36350,5030 S PULASKI,CHI031,2014-12-17,66,1150513.081876743,1870811.076557055,41.801401913,-87.72354459799999,"(41.801401912999999, -87.723544597999989)",12,2014,17,2014-12,2,498,19.654411764705884
71105,2705 W IRVING PARK,CHI079,2014-12-17,84,1157555.242825448,1926426.21147583,41.953875265,-87.69620408899999,"(41.953875265000001, -87.696204088999991)",12,2014,17,2014-12,2,292,19.673684210526314
68949,4707 W PETERSON AVE,CHI115,2014-12-17,36,1143859.071304929,1939422.942112187,41.989807669,-87.74622580399999,"(41.989807669000001, -87.746225803999991)",12,2014,17,2014-12,2,775,24.76923076923077
58015,2513 W 55TH,CHI070,2014-12-17,16,1160431.7488699341,1868077.6747288718,41.793702249,-87.687244272,"(41.793702248999999, -87.687244272000001)",12,2014,17,2014-12,2,4,21.398373983739837
63361,3137 W PETERSON,CHI024,2014-12-17,34,1154183.287274807,1939668.834930217,41.990281914,-87.70824462600001,"(41.990281914000001, -87.70824462600001)",12,2014,17,2014-12,2,779,19.773809523809526
80664,2917 W ROOSEVELT,CHI019,2014-12-17,57,1156991.618473341,1894531.138408719,41.866364024,-87.69914296600001,"(41.866364023999999, -87.699142966000011)",12,2014,17,2014-12,2,220,20.99056603773585
103710,4929 S PULASKI,CHI030,2014-12-17,20,1150573.998715103,1871490.401558551,41.803264895,-87.72330350899999,"(41.803264894999998, -87.72330350899999)",12,2014,17,2014-12,2,499,24.757894736842104
75338,2109 E 87TH ST,CHI145,2014-12-17,19,1191794.819430013,1847666.1661950282,41.736987090999996,-87.572901178,"(41.736987090999996, -87.572901177999995)",12,2014,17,2014-12,2,263,22.87719298245614
83587,450 N COLUMBUS DR,CHI125,2014-12-17,28,1178351.216208364,1903356.801857411,41.890122353,-87.620461395,"(41.890122353000002, -87.620461395000007)",12,2014,17,2014-12,2,1280,19.421875
64900,4965 S ARCHER,CHI032,2014-12-17,31,1150880.680088461,1871373.743751604,41.80293879,-87.722181792,"(41.802938789999999, -87.722181792000001)",12,2014,17,2014-12,2,499,24.757894736842104
84667,449 N COLUMBUS DR,CHI124,2014-12-17,9,1178428.35425324,1903326.613409231,41.890037755,-87.620179034,"(41.890037755000002, -87.620179034000003)",12,2014,17,2014-12,2,1280,19.421875
106596,19 W CHICAGO AVE,CHI133,2014-12-17,1,1176000.008484107,1905682.004927479,41.896556106999995,-87.629025904,"(41.896556106999995, -87.629025904000002)",12,2014,17,2014-12,2,1287,15.046153846153846
40963,2917 W ROOSEVELT,CHI019,2014-12-18,69,1156991.618473341,1894531.138408719,41.866364024,-87.69914296600001,"(41.866364023999999, -87.699142966000011)",12,2014,18,2014-12,3,220,20.49532710280374
88233,450 N COLUMBUS DR,CHI125,2014-12-18,41,1178351.216208364,1903356.801857411,41.890122353,-87.620461395,"(41.890122353000002, -87.620461395000007)",12,2014,18,2014-12,3,1280,18.984251968503937
100402,4929 S PULASKI,CHI030,2014-12-18,18,1150573.998715103,1871490.401558551,41.803264895,-87.72330350899999,"(41.803264894999998, -87.72330350899999)",12,2014,18,2014-12,3,499,25.53191489361702
100436,19 W CHICAGO AVE,CHI133,2014-12-18,3,1176000.008484107,1905682.004927479,41.896556106999995,-87.629025904,"(41.896556106999995, -87.629025904000002)",12,2014,18,2014-12,3,1287,15.2734375
60287,2513 W 55TH,CHI070,2014-12-18,18,1160431.7488699341,1868077.6747288718,41.793702249,-87.687244272,"(41.793702248999999, -87.687244272000001)",12,2014,18,2014-12,3,4,21.210084033613445
51774,2109 E 87TH ST,CHI145,2014-12-18,15,1191794.819430013,1847666.1661950282,41.736987090999996,-87.572901178,"(41.736987090999996, -87.572901177999995)",12,2014,18,2014-12,3,263,22.528
64482,449 N COLUMBUS DR,CHI124,2014-12-18,9,1178428.35425324,1903326.613409231,41.890037755,-87.620179034,"(41.890037755000002, -87.620179034000003)",12,2014,18,2014-12,3,1280,18.984251968503937
39926,3137 W PETERSON,CHI024,2014-12-18,46,1154183.287274807,1939668.834930217,41.990281914,-87.70824462600001,"(41.990281914000001, -87.70824462600001)",12,2014,18,2014-12,3,779,19.662790697674417
83491,4707 W PETERSON AVE,CHI115,2014-12-18,25,1143859.071304929,1939422.942112187,41.989807669,-87.74622580399999,"(41.989807669000001, -87.746225803999991)",12,2014,18,2014-12,3,775,24.59016393442623
80808,2705 W IRVING PARK,CHI079,2014-12-18,82,1157555.242825448,1926426.21147583,41.953875265,-87.69620408899999,"(41.953875265000001, -87.696204088999991)",12,2014,18,2014-12,3,292,20.50526315789474
86146,2603 W 79TH,CHI066,2014-12-18,7,1160350.070879175,1852097.8260689732,41.74985294,-87.687983475,"(41.749852939999997, -87.687983474999996)",12,2014,18,2014-12,3,444,23.072727272727274
59885,4965 S ARCHER,CHI032,2014-12-18,40,1150880.680088461,1871373.743751604,41.80293879,-87.722181792,"(41.802938789999999, -87.722181792000001)",12,2014,18,2014-12,3,499,25.53191489361702
70937,5030 S PULASKI,CHI031,2014-12-18,74,1150513.081876743,1870811.076557055,41.801401913,-87.72354459799999,"(41.801401912999999, -87.723544597999989)",12,2014,18,2014-12,3,498,19.924242424242426
80564,2603 W 79TH,CHI066,2014-12-19,13,1160350.070879175,1852097.8260689732,41.74985294,-87.687983475,"(41.749852939999997, -87.687983474999996)",12,2014,19,2014-12,4,444,23.68103448275862
53505,2513 W 55TH,CHI070,2014-12-19,21,1160431.7488699341,1868077.6747288718,41.793702249,-87.687244272,"(41.793702248999999, -87.687244272000001)",12,2014,19,2014-12,4,4,21.4
103755,4929 S PULASKI,CHI030,2014-12-19,22,1150573.998715103,1871490.401558551,41.803264895,-87.72330350899999,"(41.803264894999998, -87.72330350899999)",12,2014,19,2014-12,4,499,24.439560439560438
48813,3137 W PETERSON,CHI024,2014-12-19,43,1154183.287274807,1939668.834930217,41.990281914,-87.70824462600001,"(41.990281914000001, -87.70824462600001)",12,2014,19,2014-12,4,779,20.52
69153,450 N COLUMBUS DR,CHI125,2014-12-19,28,1178351.216208364,1903356.801857411,41.890122353,-87.620461395,"(41.890122353000002, -87.620461395000007)",12,2014,19,2014-12,4,1280,20.0390625
40516,5030 S PULASKI,CHI031,2014-12-19,102,1150513.081876743,1870811.076557055,41.801401913,-87.72354459799999,"(41.801401912999999, -87.723544597999989)",12,2014,19,2014-12,4,498,19.185185185185187
39458,449 N COLUMBUS DR,CHI124,2014-12-19,9,1178428.35425324,1903326.613409231,41.890037755,-87.620179034,"(41.890037755000002, -87.620179034000003)",12,2014,19,2014-12,4,1280,20.0390625
87663,4707 W PETERSON AVE,CHI115,2014-12-19,39,1143859.071304929,1939422.942112187,41.989807669,-87.74622580399999,"(41.989807669000001, -87.746225803999991)",12,2014,19,2014-12,4,775,26.403225806451612
86345,2917 W ROOSEVELT,CHI019,2014-12-19,72,1156991.618473341,1894531.138408719,41.866364024,-87.69914296600001,"(41.866364023999999, -87.699142966000011)",12,2014,19,2014-12,4,220,21.445544554455445
107236,19 W CHICAGO AVE,CHI133,2014-12-19,6,1176000.008484107,1905682.004927479,41.896556106999995,-87.629025904,"(41.896556106999995, -87.629025904000002)",12,2014,19,2014-12,4,1287,15.203252032520325
41056,2705 W IRVING PARK,CHI079,2014-12-19,84,1157555.242825448,1926426.21147583,41.953875265,-87.69620408899999,"(41.953875265000001, -87.696204088999991)",12,2014,19,2014-12,4,292,20.343434343434343
84315,2109 E 87TH ST,CHI145,2014-12-19,36,1191794.819430013,1847666.1661950282,41.736987090999996,-87.572901178,"(41.736987090999996, -87.572901177999995)",12,2014,19,2014-12,4,263,22.887931034482758
58987,4965 S ARCHER,CHI032,2014-12-19,25,1150880.680088461,1871373.743751604,41.80293879,-87.722181792,"(41.802938789999999, -87.722181792000001)",12,2014,19,2014-12,4,499,24.439560439560438
83049,3137 W PETERSON,CHI024,2014-12-20,63,1154183.287274807,1939668.834930217,41.990281914,-87.70824462600001,"(41.990281914000001, -87.70824462600001)",12,2014,20,2014-12,5,779,22.533333333333335
71104,2513 W 55TH,CHI070,2014-12-20,24,1160431.7488699341,1868077.6747288718,41.793702249,-87.687244272,"(41.793702248999999, -87.687244272000001)",12,2014,20,2014-12,5,4,22.754716981132077
48783,2917 W ROOSEVELT,CHI019,2014-12-20,63,1156991.618473341,1894531.138408719,41.866364024,-87.69914296600001,"(41.866364023999999, -87.699142966000011)",12,2014,20,2014-12,5,220,20.183908045977013
69586,449 N COLUMBUS DR,CHI124,2014-12-20,3,1178428.35425324,1903326.613409231,41.890037755,-87.620179034,"(41.890037755000002, -87.620179034000003)",12,2014,20,2014-12,5,1280,20.238095238095237
89185,450 N COLUMBUS DR,CHI125,2014-12-20,35,1178351.216208364,1903356.801857411,41.890122353,-87.620461395,"(41.890122353000002, -87.620461395000007)",12,2014,20,2014-12,5,1280,20.238095238095237
36719,2705 W IRVING PARK,CHI079,2014-12-20,113,1157555.242825448,1926426.21147583,41.953875265,-87.69620408899999,"(41.953875265000001, -87.696204088999991)",12,2014,20,2014-12,5,292,22.166666666666668
87251,2513 W 55TH,CHI070,2014-12-21,23,1160431.7488699341,1868077.6747288718,41.793702249,-87.687244272,"(41.793702248999999, -87.687244272000001)",12,2014,21,2014-12,6,4,23.46590909090909
75855,450 N COLUMBUS DR,CHI125,2014-12-21,25,1178351.216208364,1903356.801857411,41.890122353,-87.620461395,"(41.890122353000002, -87.620461395000007)",12,2014,21,2014-12,6,1280,21.095238095238095
77657,449 N COLUMBUS DR,CHI124,2014-12-21,2,1178428.35425324,1903326.613409231,41.890037755,-87.620179034,"(41.890037755000002, -87.620179034000003)",12,2014,21,2014-12,6,1280,21.095238095238095
55091,2705 W IRVING PARK,CHI079,2014-12-21,113,1157555.242825448,1926426.21147583,41.953875265,-87.69620408899999,"(41.953875265000001, -87.696204088999991)",12,2014,21,2014-12,6,292,21.5
82810,3137 W PETERSON,CHI024,2014-12-21,73,1154183.287274807,1939668.834930217,41.990281914,-87.70824462600001,"(41.990281914000001, -87.70824462600001)",12,2014,21,2014-12,6,779,22.92105263157895
80639,2917 W ROOSEVELT,CHI019,2014-12-21,45,1156991.618473341,1894531.138408719,41.866364024,-87.69914296600001,"(41.866364023999999, -87.699142966000011)",12,2014,21,2014-12,6,220,21.0
65102,449 N COLUMBUS DR,CHI124,2014-12-22,8,1178428.35425324,1903326.613409231,41.890037755,-87.620179034,"(41.890037755000002, -87.620179034000003)",12,2014,22,2014-12,0,1280,19.393939393939394
88715,2705 W IRVING PARK,CHI079,2014-12-22,66,1157555.242825448,1926426.21147583,41.953875265,-87.69620408899999,"(41.953875265000001, -87.696204088999991)",12,2014,22,2014-12,0,292,20.623655913978496
52176,3137 W PETERSON,CHI024,2014-12-22,28,1154183.287274807,1939668.834930217,41.990281914,-87.70824462600001,"(41.990281914000001, -87.70824462600001)",12,2014,22,2014-12,0,779,19.507246376811594
70140,450 N COLUMBUS DR,CHI125,2014-12-22,13,1178351.216208364,1903356.801857411,41.890122353,-87.620461395,"(41.890122353000002, -87.620461395000007)",12,2014,22,2014-12,0,1280,19.393939393939394
74212,2917 W ROOSEVELT,CHI019,2014-12-22,43,1156991.618473341,1894531.138408719,41.866364024,-87.69914296600001,"(41.866364023999999, -87.699142966000011)",12,2014,22,2014-12,0,220,20.606060606060606
88558,2513 W 55TH,CHI070,2014-12-22,12,1160431.7488699341,1868077.6747288718,41.793702249,-87.687244272,"(41.793702248999999, -87.687244272000001)",12,2014,22,2014-12,0,4,21.631147540983605
86472,449 N COLUMBUS DR,CHI124,2014-12-23,9,1178428.35425324,1903326.613409231,41.890037755,-87.620179034,"(41.890037755000002, -87.620179034000003)",12,2014,23,2014-12,1,1280,19.007874015748033
59800,2705 W IRVING PARK,CHI079,2014-12-23,115,1157555.242825448,1926426.21147583,41.953875265,-87.69620408899999,"(41.953875265000001, -87.696204088999991)",12,2014,23,2014-12,1,292,20.70408163265306
45092,2513 W 55TH,CHI070,2014-12-23,21,1160431.7488699341,1868077.6747288718,41.793702249,-87.687244272,"(41.793702248999999, -87.687244272000001)",12,2014,23,2014-12,1,4,21.513274336283185
85454,3137 W PETERSON,CHI024,2014-12-23,39,1154183.287274807,1939668.834930217,41.990281914,-87.70824462600001,"(41.990281914000001, -87.70824462600001)",12,2014,23,2014-12,1,779,20.304878048780488
48867,2917 W ROOSEVELT,CHI019,2014-12-23,70,1156991.618473341,1894531.138408719,41.866364024,-87.69914296600001,"(41.866364023999999, -87.699142966000011)",12,2014,23,2014-12,1,220,20.918367346938776
77090,450 N COLUMBUS DR,CHI125,2014-12-23,35,1178351.216208364,1903356.801857411,41.890122353,-87.620461395,"(41.890122353000002, -87.620461395000007)",12,2014,23,2014-12,1,1280,19.007874015748033
63570,450 N COLUMBUS DR,CHI125,2014-12-24,21,1178351.216208364,1903356.801857411,41.890122353,-87.620461395,"(41.890122353000002, -87.620461395000007)",12,2014,24,2014-12,2,1280,18.448
64077,449 N COLUMBUS DR,CHI124,2014-12-24,17,1178428.35425324,1903326.613409231,41.890037755,-87.620179034,"(41.890037755000002, -87.620179034000003)",12,2014,24,2014-12,2,1280,18.448
60629,2917 W ROOSEVELT,CHI019,2014-12-24,48,1156991.618473341,1894531.138408719,41.866364024,-87.69914296600001,"(41.866364023999999, -87.699142966000011)",12,2014,24,2014-12,2,220,20.14018691588785
55485,2513 W 55TH,CHI070,2014-12-24,21,1160431.7488699341,1868077.6747288718,41.793702249,-87.687244272,"(41.793702248999999, -87.687244272000001)",12,2014,24,2014-12,2,4,21.747826086956522
42099,2705 W IRVING PARK,CHI079,2014-12-24,102,1157555.242825448,1926426.21147583,41.953875265,-87.69620408899999,"(41.953875265000001, -87.696204088999991)",12,2014,24,2014-12,2,292,20.13131313131313
57274,3137 W PETERSON,CHI024,2014-12-24,46,1154183.287274807,1939668.834930217,41.990281914,-87.70824462600001,"(41.990281914000001, -87.70824462600001)",12,2014,24,2014-12,2,779,19.923076923076923
76393,3137 W PETERSON,CHI024,2014-12-25,79,1154183.287274807,1939668.834930217,41.990281914,-87.70824462600001,"(41.990281914000001, -87.70824462600001)",12,2014,25,2014-12,3,779,24.040816326530614
44349,450 N COLUMBUS DR,CHI125,2014-12-25,20,1178351.216208364,1903356.801857411,41.890122353,-87.620461395,"(41.890122353000002, -87.620461395000007)",12,2014,25,2014-12,3,1280,17.271186440677965
42344,2705 W IRVING PARK,CHI079,2014-12-25,86,1157555.242825448,1926426.21147583,41.953875265,-87.69620408899999,"(41.953875265000001, -87.696204088999991)",12,2014,25,2014-12,3,292,20.714285714285715
41954,2513 W 55TH,CHI070,2014-12-25,15,1160431.7488699341,1868077.6747288718,41.793702249,-87.687244272,"(41.793702248999999, -87.687244272000001)",12,2014,25,2014-12,3,4,21.68867924528302
39710,2917 W ROOSEVELT,CHI019,2014-12-25,76,1156991.618473341,1894531.138408719,41.866364024,-87.69914296600001,"(41.866364023999999, -87.699142966000011)",12,2014,25,2014-12,3,220,20.41176470588235
86724,449 N COLUMBUS DR,CHI124,2014-12-25,16,1178428.35425324,1903326.613409231,41.890037755,-87.620179034,"(41.890037755000002, -87.620179034000003)",12,2014,25,2014-12,3,1280,17.271186440677965
72795,450 N COLUMBUS DR,CHI125,2014-12-26,15,1178351.216208364,1903356.801857411,41.890122353,-87.620461395,"(41.890122353000002, -87.620461395000007)",12,2014,26,2014-12,4,1280,19.1328125
50387,3137 W PETERSON,CHI024,2014-12-26,57,1154183.287274807,1939668.834930217,41.990281914,-87.70824462600001,"(41.990281914000001, -87.70824462600001)",12,2014,26,2014-12,4,779,20.986666666666668
41895,449 N COLUMBUS DR,CHI124,2014-12-26,16,1178428.35425324,1903326.613409231,41.890037755,-87.620179034,"(41.890037755000002, -87.620179034000003)",12,2014,26,2014-12,4,1280,19.1328125
53032,2917 W ROOSEVELT,CHI019,2014-12-26,70,1156991.618473341,1894531.138408719,41.866364024,-87.69914296600001,"(41.866364023999999, -87.699142966000011)",12,2014,26,2014-12,4,220,20.104761904761904
89388,2513 W 55TH,CHI070,2014-12-26,13,1160431.7488699341,1868077.6747288718,41.793702249,-87.687244272,"(41.793702248999999, -87.687244272000001)",12,2014,26,2014-12,4,4,21.614035087719298
68767,2705 W IRVING PARK,CHI079,2014-12-26,120,1157555.242825448,1926426.21147583,41.953875265,-87.69620408899999,"(41.953875265000001, -87.696204088999991)",12,2014,26,2014-12,4,292,20.981308411214954
85370,2513 W 55TH,CHI070,2014-12-27,17,1160431.7488699341,1868077.6747288718,41.793702249,-87.687244272,"(41.793702248999999, -87.687244272000001)",12,2014,27,2014-12,5,4,21.759615384615383
60649,449 N COLUMBUS DR,CHI124,2014-12-27,1,1178428.35425324,1903326.613409231,41.890037755,-87.620179034,"(41.890037755000002, -87.620179034000003)",12,2014,27,2014-12,5,1280,19.710743801652892
50786,2917 W ROOSEVELT,CHI019,2014-12-27,57,1156991.618473341,1894531.138408719,41.866364024,-87.69914296600001,"(41.866364023999999, -87.699142966000011)",12,2014,27,2014-12,5,220,20.31958762886598
41569,2705 W IRVING PARK,CHI079,2014-12-27,130,1157555.242825448,1926426.21147583,41.953875265,-87.69620408899999,"(41.953875265000001, -87.696204088999991)",12,2014,27,2014-12,5,292,21.72641509433962
72309,3137 W PETERSON,CHI024,2014-12-27,75,1154183.287274807,1939668.834930217,41.990281914,-87.70824462600001,"(41.990281914000001, -87.70824462600001)",12,2014,27,2014-12,5,779,22.37878787878788
72256,450 N COLUMBUS DR,CHI125,2014-12-27,15,1178351.216208364,1903356.801857411,41.890122353,-87.620461395,"(41.890122353000002, -87.620461395000007)",12,2014,27,2014-12,5,1280,19.710743801652892
60873,450 N COLUMBUS DR,CHI125,2014-12-28,23,1178351.216208364,1903356.801857411,41.890122353,-87.620461395,"(41.890122353000002, -87.620461395000007)",12,2014,28,2014-12,6,1280,20.565217391304348
87372,2705 W IRVING PARK,CHI079,2014-12-28,111,1157555.242825448,1926426.21147583,41.953875265,-87.69620408899999,"(41.953875265000001, -87.696204088999991)",12,2014,28,2014-12,6,292,22.344086021505376
57481,2917 W ROOSEVELT,CHI019,2014-12-28,45,1156991.618473341,1894531.138408719,41.866364024,-87.69914296600001,"(41.866364023999999, -87.699142966000011)",12,2014,28,2014-12,6,220,20.607142857142858
87766,2513 W 55TH,CHI070,2014-12-28,24,1160431.7488699341,1868077.6747288718,41.793702249,-87.687244272,"(41.793702248999999, -87.687244272000001)",12,2014,28,2014-12,6,4,22.27
79348,3137 W PETERSON,CHI024,2014-12-28,93,1154183.287274807,1939668.834930217,41.990281914,-87.70824462600001,"(41.990281914000001, -87.70824462600001)",12,2014,28,2014-12,6,779,21.894736842105264
40643,2705 W IRVING PARK,CHI079,2014-12-29,102,1157555.242825448,1926426.21147583,41.953875265,-87.69620408899999,"(41.953875265000001, -87.696204088999991)",12,2014,29,2014-12,0,292,21.073394495412845
53010,2513 W 55TH,CHI070,2014-12-29,12,1160431.7488699341,1868077.6747288718,41.793702249,-87.687244272,"(41.793702248999999, -87.687244272000001)",12,2014,29,2014-12,0,4,21.344827586206897
42437,449 N COLUMBUS DR,CHI124,2014-12-29,9,1178428.35425324,1903326.613409231,41.890037755,-87.620179034,"(41.890037755000002, -87.620179034000003)",12,2014,29,2014-12,0,1280,18.873015873015873
72112,450 N COLUMBUS DR,CHI125,2014-12-29,31,1178351.216208364,1903356.801857411,41.890122353,-87.620461395,"(41.890122353000002, -87.620461395000007)",12,2014,29,2014-12,0,1280,18.873015873015873
49773,2917 W ROOSEVELT,CHI019,2014-12-29,57,1156991.618473341,1894531.138408719,41.866364024,-87.69914296600001,"(41.866364023999999, -87.699142966000011)",12,2014,29,2014-12,0,220,20.46153846153846
84506,3137 W PETERSON,CHI024,2014-12-29,41,1154183.287274807,1939668.834930217,41.990281914,-87.70824462600001,"(41.990281914000001, -87.70824462600001)",12,2014,29,2014-12,0,779,20.195121951219512
58621,449 N COLUMBUS DR,CHI124,2014-12-30,14,1178428.35425324,1903326.613409231,41.890037755,-87.620179034,"(41.890037755000002, -87.620179034000003)",12,2014,30,2014-12,1,1280,19.272727272727273
46077,2513 W 55TH,CHI070,2014-12-30,20,1160431.7488699341,1868077.6747288718,41.793702249,-87.687244272,"(41.793702248999999, -87.687244272000001)",12,2014,30,2014-12,1,4,21.025
54580,2705 W IRVING PARK,CHI079,2014-12-30,113,1157555.242825448,1926426.21147583,41.953875265,-87.69620408899999,"(41.953875265000001, -87.696204088999991)",12,2014,30,2014-12,1,292,19.725490196078432
62507,450 N COLUMBUS DR,CHI125,2014-12-30,26,1178351.216208364,1903356.801857411,41.890122353,-87.620461395,"(41.890122353000002, -87.620461395000007)",12,2014,30,2014-12,1,1280,19.272727272727273
80723,3137 W PETERSON,CHI024,2014-12-30,43,1154183.287274807,1939668.834930217,41.990281914,-87.70824462600001,"(41.990281914000001, -87.70824462600001)",12,2014,30,2014-12,1,779,19.8953488372093
56179,2917 W ROOSEVELT,CHI019,2014-12-30,74,1156991.618473341,1894531.138408719,41.866364024,-87.69914296600001,"(41.866364023999999, -87.699142966000011)",12,2014,30,2014-12,1,220,20.63809523809524
